/*
 * 界面字体数据 —— 由 tools/fontgen/gen_ui_font.py 自动生成,别手改。
 *
 * 1bpp 位图,每行按字节对齐,MSB 在左。汉字取自黑体,
 * 数字与西文取自 Segoe UI。每个字号只带实际用到的字符。
 */
#include "ui_font.h"

/* ---------- ui_font_cjk16: 16px, 199 个字形 ---------- */
static const UiGlyph g_cjk16[] = {
    {0x0020, 5, 0, 0, 0, 0, 0},        /* 空白 */
    {0x0021, 5, 5, 12, 0, -12, 0},
    {0x0022, 7, 7, 12, 0, -12, 12},
    {0x0023, 10, 10, 12, 0, -12, 24},
    {0x0024, 9, 9, 15, 0, -13, 48},
    {0x0025, 14, 14, 12, 0, -12, 78},
    {0x0026, 14, 15, 12, 0, -12, 102},
    {0x0027, 4, 4, 12, 0, -12, 126},
    {0x0028, 5, 5, 15, 0, -12, 138},
    {0x0029, 5, 5, 15, 0, -12, 153},
    {0x002A, 7, 7, 12, 0, -12, 168},
    {0x002B, 12, 12, 9, 0, -9, 180},
    {0x002C, 4, 4, 4, 0, -2, 198},
    {0x002D, 7, 7, 5, 0, -5, 202},
    {0x002E, 4, 4, 2, 0, -2, 207},
    {0x002F, 7, 7, 14, 0, -12, 209},
    {0x0030, 9, 9, 12, 0, -12, 223},
    {0x0031, 9, 9, 12, 0, -12, 247},
    {0x0032, 9, 9, 12, 0, -12, 271},
    {0x0033, 9, 9, 12, 0, -12, 295},
    {0x0034, 9, 10, 12, 0, -12, 319},
    {0x0035, 9, 9, 12, 0, -12, 343},
    {0x0036, 9, 9, 12, 0, -12, 367},
    {0x0037, 9, 9, 12, 0, -12, 391},
    {0x0038, 9, 9, 12, 0, -12, 415},
    {0x0039, 9, 9, 12, 0, -12, 439},
    {0x003A, 4, 4, 9, 0, -9, 463},
    {0x003B, 4, 4, 11, 0, -9, 472},
    {0x003C, 12, 12, 8, 0, -8, 483},
    {0x003D, 12, 12, 7, 0, -7, 499},
    {0x003E, 12, 12, 8, 0, -8, 513},
    {0x003F, 8, 8, 12, 0, -12, 529},
    {0x0040, 17, 17, 14, 0, -12, 541},
    {0x0041, 11, 11, 12, 0, -12, 583},
    {0x0042, 10, 10, 12, 0, -12, 607},
    {0x0043, 11, 11, 12, 0, -12, 631},
    {0x0044, 12, 12, 12, 0, -12, 655},
    {0x0045, 9, 9, 12, 0, -12, 679},
    {0x0046, 9, 9, 12, 0, -12, 703},
    {0x0047, 12, 12, 12, 0, -12, 727},
    {0x0048, 12, 12, 12, 0, -12, 751},
    {0x0049, 5, 5, 12, 0, -12, 775},
    {0x004A, 6, 6, 12, 0, -12, 787},
    {0x004B, 10, 10, 12, 0, -12, 799},
    {0x004C, 8, 8, 12, 0, -12, 823},
    {0x004D, 16, 16, 12, 0, -12, 835},
    {0x004E, 13, 13, 12, 0, -12, 859},
    {0x004F, 13, 13, 12, 0, -12, 883},
    {0x0050, 10, 10, 12, 0, -12, 907},
    {0x0051, 13, 14, 14, 0, -12, 931},
    {0x0052, 10, 10, 12, 0, -12, 959},
    {0x0053, 9, 9, 12, 0, -12, 983},
    {0x0054, 9, 9, 12, 0, -12, 1007},
    {0x0055, 12, 12, 12, 0, -12, 1031},
    {0x0056, 11, 11, 12, 0, -12, 1055},
    {0x0057, 16, 16, 12, 0, -12, 1079},
    {0x0058, 10, 10, 12, 0, -12, 1103},
    {0x0059, 10, 10, 12, 0, -12, 1127},
    {0x005A, 10, 10, 12, 0, -12, 1151},
    {0x005B, 5, 5, 15, 0, -12, 1175},
    {0x005C, 7, 7, 14, 0, -12, 1190},
    {0x005D, 5, 5, 15, 0, -12, 1204},
    {0x005E, 12, 12, 12, 0, -12, 1219},
    {0x005F, 7, 7, 4, 0, 0, 1243},
    {0x0060, 5, 5, 13, 0, -13, 1247},
    {0x0061, 9, 9, 9, 0, -9, 1260},
    {0x0062, 10, 10, 13, 0, -13, 1278},
    {0x0063, 8, 8, 9, 0, -9, 1304},
    {0x0064, 10, 10, 13, 0, -13, 1313},
    {0x0065, 9, 9, 9, 0, -9, 1339},
    {0x0066, 6, 6, 13, 0, -13, 1357},
    {0x0067, 10, 10, 13, 0, -9, 1370},
    {0x0068, 10, 10, 13, 0, -13, 1396},
    {0x0069, 4, 4, 13, 0, -13, 1422},
    {0x006A, 4, 6, 17, -2, -13, 1435},
    {0x006B, 9, 9, 13, 0, -13, 1452},
    {0x006C, 4, 4, 13, 0, -13, 1478},
    {0x006D, 15, 15, 9, 0, -9, 1491},
    {0x006E, 10, 10, 9, 0, -9, 1509},
    {0x006F, 10, 10, 9, 0, -9, 1527},
    {0x0070, 10, 10, 13, 0, -9, 1545},
    {0x0071, 10, 10, 13, 0, -9, 1571},
    {0x0072, 6, 6, 9, 0, -9, 1597},
    {0x0073, 7, 7, 9, 0, -9, 1606},
    {0x0074, 6, 6, 12, 0, -12, 1615},
    {0x0075, 10, 10, 9, 0, -9, 1627},
    {0x0076, 8, 8, 9, 0, -9, 1645},
    {0x0077, 13, 13, 9, 0, -9, 1654},
    {0x0078, 8, 8, 9, 0, -9, 1672},
    {0x0079, 8, 8, 13, 0, -9, 1681},
    {0x007A, 8, 8, 9, 0, -9, 1694},
    {0x007B, 5, 5, 15, 0, -12, 1703},
    {0x007C, 4, 4, 17, 0, -13, 1718},
    {0x007D, 5, 5, 15, 0, -12, 1735},
    {0x007E, 12, 12, 6, 0, -6, 1750},
    {0x00B0, 7, 7, 12, 0, -12, 1762},
    {0x2191, 8, 8, 14, 0, -13, 1774},
    {0x2193, 8, 8, 14, 0, -13, 1788},
    {0x4E00, 16, 16, 6, 0, -6, 1802},
    {0x4E09, 16, 16, 13, 0, -12, 1814},
    {0x4E0A, 16, 16, 13, 0, -12, 1840},
    {0x4E0B, 16, 16, 14, 0, -12, 1866},
    {0x4E0D, 16, 16, 14, 0, -12, 1894},
    {0x4E2D, 16, 16, 15, 0, -13, 1922},
    {0x4E50, 16, 16, 15, 0, -13, 1952},
    {0x4E86, 16, 16, 13, 0, -12, 1982},
    {0x4E8C, 16, 16, 11, 0, -11, 2008},
    {0x4E94, 16, 16, 13, 0, -12, 2030},
    {0x4EF6, 16, 16, 14, 0, -13, 2056},
    {0x4F4E, 16, 16, 14, 0, -13, 2084},
    {0x505C, 16, 16, 16, 0, -13, 2112},
    {0x5145, 16, 16, 14, 0, -13, 2144},
    {0x514B, 16, 16, 14, 0, -13, 2172},
    {0x516D, 16, 16, 15, 0, -13, 2200},
    {0x5171, 16, 16, 15, 0, -13, 2230},
    {0x5173, 16, 16, 15, 0, -13, 2260},
    {0x5185, 16, 16, 15, 0, -13, 2290},
    {0x51FB, 16, 16, 15, 0, -13, 2320},
    {0x5207, 16, 17, 15, -1, -13, 2350},
    {0x52A8, 16, 16, 14, 0, -13, 2395},
    {0x5361, 16, 16, 15, 0, -13, 2423},
    {0x5386, 16, 16, 14, 0, -12, 2453},
    {0x53CC, 16, 17, 13, -1, -12, 2481},
    {0x53F2, 16, 16, 15, 0, -13, 2520},
    {0x540C, 16, 16, 14, 0, -12, 2550},
    {0x542F, 16, 16, 15, 0, -13, 2578},
    {0x56DB, 16, 16, 14, 0, -12, 2608},
    {0x5728, 16, 16, 15, 0, -13, 2636},
    {0x5730, 16, 16, 14, 0, -13, 2666},
    {0x5916, 16, 16, 13, 0, -12, 2694},
    {0x5927, 16, 16, 15, 0, -13, 2720},
    {0x597D, 16, 16, 15, 0, -13, 2750},
    {0x5B9A, 16, 16, 15, 0, -13, 2780},
    {0x5BA4, 16, 16, 14, 0, -13, 2810},
    {0x5BF9, 16, 16, 14, 0, -13, 2838},
    {0x5C0F, 16, 16, 15, 0, -13, 2866},
    {0x5DF2, 16, 16, 13, 0, -12, 2896},
    {0x5E74, 16, 16, 15, 0, -13, 2922},
    {0x5EA6, 16, 16, 14, 0, -13, 2952},
    {0x5F00, 16, 16, 14, 0, -12, 2980},
    {0x624B, 16, 16, 14, 0, -13, 3008},
    {0x6309, 16, 16, 16, 0, -13, 3036},
    {0x6362, 16, 16, 15, 0, -13, 3068},
    {0x636E, 16, 16, 16, 0, -13, 3098},
    {0x63A5, 16, 16, 14, 0, -12, 3130},
    {0x63A8, 16, 16, 17, 0, -14, 3158},
    {0x64AD, 16, 16, 16, 0, -13, 3192},
    {0x653E, 16, 16, 15, 0, -13, 3224},
    {0x6570, 16, 16, 15, 0, -13, 3254},
    {0x6587, 16, 16, 15, 0, -14, 3284},
    {0x65E0, 16, 16, 13, 0, -12, 3314},
    {0x65E5, 16, 16, 14, 0, -12, 3340},
    {0x65F6, 16, 16, 14, 0, -13, 3368},
    {0x661F, 16, 16, 13, 0, -12, 3396},
    {0x662F, 16, 16, 14, 0, -12, 3422},
    {0x6682, 16, 16, 16, 0, -14, 3450},
    {0x66F2, 16, 16, 15, 0, -13, 3482},
    {0x6708, 16, 16, 14, 0, -12, 3512},
    {0x6709, 16, 16, 14, 0, -13, 3540},
    {0x671F, 16, 16, 13, 0, -12, 3568},
    {0x672A, 16, 16, 14, 0, -13, 3594},
    {0x672C, 16, 16, 14, 0, -13, 3622},
    {0x6765, 16, 16, 15, 0, -13, 3650},
    {0x677E, 16, 16, 13, 0, -12, 3680},
    {0x6B62, 16, 16, 14, 0, -13, 3706},
    {0x6B63, 16, 16, 13, 0, -12, 3734},
    {0x6B65, 16, 16, 15, 0, -13, 3760},
    {0x6C60, 16, 16, 14, 0, -13, 3790},
    {0x6CA1, 16, 16, 14, 0, -13, 3818},
    {0x6D41, 16, 16, 14, 0, -13, 3846},
    {0x6E29, 16, 16, 15, 0, -13, 3874},
    {0x6E7F, 16, 16, 15, 0, -13, 3904},
    {0x6E90, 16, 16, 15, 0, -13, 3934},
    {0x6EE1, 16, 16, 15, 0, -13, 3964},
    {0x7535, 16, 16, 14, 0, -13, 3994},
    {0x7684, 16, 16, 14, 0, -13, 4022},
    {0x76F8, 16, 16, 15, 0, -13, 4050},
    {0x77E5, 16, 16, 16, 0, -14, 4080},
    {0x7EBF, 16, 16, 14, 0, -13, 4112},
    {0x7EE7, 16, 16, 14, 0, -13, 4140},
    {0x7EED, 16, 16, 14, 0, -13, 4168},
    {0x7F6E, 16, 16, 13, 0, -12, 4196},
    {0x8111, 16, 16, 16, 0, -13, 4222},
    {0x81EA, 16, 16, 15, 0, -13, 4254},
    {0x8BBE, 16, 16, 14, 0, -12, 4284},
    {0x8C31, 16, 16, 15, 0, -13, 4312},
    {0x8FD8, 16, 16, 16, 0, -13, 4342},
    {0x8FDE, 16, 16, 14, 0, -13, 4374},
    {0x90E8, 16, 16, 15, 0, -13, 4402},
    {0x91CF, 16, 16, 13, 0, -12, 4432},
    {0x957F, 16, 16, 13, 0, -12, 4458},
    {0x95F4, 16, 16, 15, 0, -13, 4484},
    {0x97F3, 16, 16, 14, 0, -13, 4514},
    {0x9875, 16, 16, 15, 0, -13, 4542},
    {0x9891, 16, 16, 15, 0, -13, 4572},
    {0x98CE, 16, 16, 14, 0, -12, 4602},
    {0x9996, 16, 16, 15, 0, -14, 4630},
    {0x9AD8, 16, 16, 14, 0, -13, 4660},
    {0x9EA6, 16, 16, 14, 0, -13, 4688},
};

static const uint8_t b_cjk16[] = {
    0x20, 0x20, 0x20, 0x20, 0x20, 0x20, 0x20, 0x20, 0x00, 0x00, 0x30, 0x30, 0x28, 0x28, 0x28, 0x28,
    0x00, 0x00, 0x00, 0x00, 0x00, 0x00, 0x00, 0x00, 0x11, 0x00, 0x11, 0x00, 0x11, 0x00, 0x7F, 0xC0,
    0x22, 0x00, 0x22, 0x00, 0x22, 0x00, 0xFF, 0x80, 0x22, 0x00, 0x44, 0x00, 0x44, 0x00, 0x00, 0x00,
    0x0C, 0x00, 0x1E, 0x00, 0x2D, 0x00, 0x6C, 0x00, 0x6C, 0x00, 0x6C, 0x00, 0x3C, 0x00, 0x0E, 0x00,
    0x0F, 0x00, 0x0F, 0x00, 0x0F, 0x00, 0x4F, 0x00, 0x3E, 0x00, 0x0C, 0x00, 0x0C, 0x00, 0x38, 0x20,
    0x44, 0x40, 0x44, 0x40, 0x44, 0x80, 0x45, 0x00, 0x39, 0x00, 0x02, 0x70, 0x02, 0x88, 0x04, 0x88,
    0x08, 0x88, 0x08, 0x88, 0x10, 0x70, 0x0F, 0x00, 0x19, 0x80, 0x19, 0x80, 0x19, 0x98, 0x0F, 0x18,
    0x1F, 0x18, 0x31, 0x98, 0x60, 0xD0, 0x60, 0x70, 0x60, 0x60, 0x30, 0xF0, 0x1F, 0x1C, 0x40, 0x40,
    0x40, 0x40, 0x00, 0x00, 0x00, 0x00, 0x00, 0x00, 0x00, 0x00, 0x08, 0x10, 0x20, 0x20, 0x40, 0x40,
    0x40, 0x40, 0x40, 0x40, 0x40, 0x20, 0x20, 0x10, 0x08, 0x80, 0x40, 0x20, 0x20, 0x10, 0x10, 0x10,
    0x10, 0x10, 0x10, 0x10, 0x20, 0x20, 0x40, 0x80, 0x10, 0x10, 0xFE, 0x10, 0x28, 0x44, 0x00, 0x00,
    0x00, 0x00, 0x00, 0x00, 0x04, 0x00, 0x04, 0x00, 0x04, 0x00, 0x3F, 0x80, 0x04, 0x00, 0x04, 0x00,
    0x04, 0x00, 0x00, 0x00, 0x00, 0x00, 0x20, 0x20, 0x40, 0x40, 0x7C, 0x00, 0x00, 0x00, 0x00, 0x60,
    0x60, 0x06, 0x0C, 0x0C, 0x0C, 0x18, 0x18, 0x18, 0x30, 0x30, 0x30, 0x60, 0x60, 0x60, 0xC0, 0x1E,
    0x00, 0x33, 0x00, 0x21, 0x80, 0x61, 0x80, 0x61, 0x80, 0x61, 0x80, 0x61, 0x80, 0x61, 0x80, 0x61,
    0x80, 0x61, 0x00, 0x33, 0x00, 0x1E, 0x00, 0x04, 0x00, 0x1C, 0x00, 0x2C, 0x00, 0x0C, 0x00, 0x0C,
    0x00, 0x0C, 0x00, 0x0C, 0x00, 0x0C, 0x00, 0x0C, 0x00, 0x0C, 0x00, 0x0C, 0x00, 0x0C, 0x00, 0x3C,
    0x00, 0x47, 0x00, 0x03, 0x00, 0x03, 0x00, 0x03, 0x00, 0x06, 0x00, 0x0E, 0x00, 0x18, 0x00, 0x30,
    0x00, 0x60, 0x00, 0x60, 0x00, 0x7F, 0x00, 0x3E, 0x00, 0x47, 0x00, 0x03, 0x00, 0x03, 0x00, 0x06,
    0x00, 0x3C, 0x00, 0x03, 0x00, 0x01, 0x80, 0x01, 0x80, 0x01, 0x80, 0x43, 0x00, 0x3E, 0x00, 0x03,
    0x00, 0x07, 0x00, 0x0F, 0x00, 0x0B, 0x00, 0x1B, 0x00, 0x33, 0x00, 0x63, 0x00, 0x43, 0x00, 0xFF,
    0xC0, 0x03, 0x00, 0x03, 0x00, 0x03, 0x00, 0x3F, 0x00, 0x30, 0x00, 0x30, 0x00, 0x30, 0x00, 0x30,
    0x00, 0x3E, 0x00, 0x03, 0x00, 0x01, 0x80, 0x01, 0x80, 0x01, 0x80, 0x23, 0x00, 0x1E, 0x00, 0x0F,
    0x00, 0x18, 0x00, 0x30, 0x00, 0x60, 0x00, 0x60, 0x00, 0x6F, 0x00, 0x73, 0x80, 0x61, 0x80, 0x61,
    0x80, 0x61, 0x80, 0x33, 0x00, 0x1E, 0x00, 0x7F, 0x00, 0x03, 0x00, 0x06, 0x00, 0x06, 0x00, 0x06,
    0x00, 0x0C, 0x00, 0x0C, 0x00, 0x0C, 0x00, 0x18, 0x00, 0x18, 0x00, 0x18, 0x00, 0x18, 0x00, 0x0F,
    0x00, 0x31, 0x80, 0x31, 0x80, 0x31, 0x80, 0x1B, 0x00, 0x0E, 0x00, 0x33, 0x00, 0x61, 0x80, 0x61,
    0x80, 0x61, 0x80, 0x33, 0x00, 0x1E, 0x00, 0x1E, 0x00, 0x33, 0x00, 0x61, 0x80, 0x61, 0x80, 0x61,
    0x80, 0x33, 0x80, 0x1D, 0x80, 0x01, 0x80, 0x01, 0x80, 0x03, 0x00, 0x23, 0x00, 0x1C, 0x00, 0x60,
    0x60, 0x00, 0x00, 0x00, 0x00, 0x00, 0x60, 0x60, 0x60, 0x60, 0x00, 0x00, 0x00, 0x00, 0x00, 0x20,
    0x20, 0x40, 0x40, 0x00, 0x80, 0x07, 0x80, 0x1C, 0x00, 0x30, 0x00, 0x1C, 0x00, 0x07, 0x80, 0x00,
    0x80, 0x00, 0x00, 0x3F, 0xC0, 0x00, 0x00, 0x00, 0x00, 0x3F, 0xC0, 0x00, 0x00, 0x00, 0x00, 0x00,
    0x00, 0x10, 0x00, 0x1E, 0x00, 0x03, 0x80, 0x00, 0xC0, 0x03, 0x80, 0x1E, 0x00, 0x10, 0x00, 0x00,
    0x00, 0x3E, 0x47, 0x03, 0x03, 0x06, 0x0C, 0x18, 0x18, 0x00, 0x00, 0x18, 0x18, 0x07, 0xE0, 0x00,
    0x0C, 0x18, 0x00, 0x10, 0x0C, 0x00, 0x21, 0xE4, 0x00, 0x62, 0x22, 0x00, 0x44, 0x22, 0x00, 0x44,
    0x22, 0x00, 0x44, 0x22, 0x00, 0x44, 0x22, 0x00, 0x46, 0x64, 0x00, 0x23, 0xB8, 0x00, 0x30, 0x00,
    0x00, 0x18, 0x10, 0x00, 0x07, 0xE0, 0x00, 0x06, 0x00, 0x0F, 0x00, 0x0F, 0x00, 0x0B, 0x00, 0x19,
    0x80, 0x19, 0x80, 0x30, 0x80, 0x3F, 0xC0, 0x60, 0xC0, 0x60, 0xC0, 0x40, 0x60, 0xC0, 0x60, 0x3F,
    0x00, 0x31, 0x80, 0x31, 0x80, 0x31, 0x80, 0x33, 0x00, 0x3E, 0x00, 0x31, 0x80, 0x30, 0xC0, 0x30,
    0xC0, 0x30, 0xC0, 0x31, 0x80, 0x3F, 0x00, 0x07, 0x80, 0x18, 0x40, 0x30, 0x00, 0x30, 0x00, 0x60,
    0x00, 0x60, 0x00, 0x60, 0x00, 0x60, 0x00, 0x60, 0x00, 0x30, 0x00, 0x18, 0x40, 0x0F, 0x80, 0x3F,
    0x00, 0x30, 0xC0, 0x30, 0x60, 0x30, 0x30, 0x30, 0x30, 0x30, 0x30, 0x30, 0x30, 0x30, 0x30, 0x30,
    0x20, 0x30, 0x60, 0x30, 0xC0, 0x3F, 0x00, 0x3F, 0x80, 0x30, 0x00, 0x30, 0x00, 0x30, 0x00, 0x30,
    0x00, 0x3F, 0x00, 0x30, 0x00, 0x30, 0x00, 0x30, 0x00, 0x30, 0x00, 0x30, 0x00, 0x3F, 0x80, 0x3F,
    0x00, 0x30, 0x00, 0x30, 0x00, 0x30, 0x00, 0x30, 0x00, 0x3F, 0x00, 0x30, 0x00, 0x30, 0x00, 0x30,
    0x00, 0x30, 0x00, 0x30, 0x00, 0x30, 0x00, 0x07, 0xC0, 0x18, 0x20, 0x30, 0x00, 0x30, 0x00, 0x60,
    0x00, 0x60, 0x00, 0x61, 0xE0, 0x60, 0x60, 0x60, 0x60, 0x30, 0x60, 0x18, 0x60, 0x0F, 0xC0, 0x30,
    0x60, 0x30, 0x60, 0x30, 0x60, 0x30, 0x60, 0x30, 0x60, 0x3F, 0xE0, 0x30, 0x60, 0x30, 0x60, 0x30,
    0x60, 0x30, 0x60, 0x30, 0x60, 0x30, 0x60, 0x30, 0x30, 0x30, 0x30, 0x30, 0x30, 0x30, 0x30, 0x30,
    0x30, 0x30, 0x30, 0x18, 0x18, 0x18, 0x18, 0x18, 0x18, 0x18, 0x18, 0x18, 0x18, 0x30, 0xE0, 0x30,
    0xC0, 0x31, 0x80, 0x33, 0x00, 0x36, 0x00, 0x34, 0x00, 0x38, 0x00, 0x3C, 0x00, 0x34, 0x00, 0x36,
    0x00, 0x33, 0x00, 0x31, 0x80, 0x30, 0xC0, 0x30, 0x30, 0x30, 0x30, 0x30, 0x30, 0x30, 0x30, 0x30,
    0x30, 0x30, 0x3F, 0x30, 0x04, 0x38, 0x0C, 0x38, 0x0C, 0x2C, 0x14, 0x2C, 0x14, 0x26, 0x34, 0x26,
    0x24, 0x22, 0x24, 0x23, 0x44, 0x21, 0x44, 0x21, 0xC4, 0x20, 0x84, 0x38, 0x30, 0x3C, 0x30, 0x3C,
    0x30, 0x36, 0x30, 0x36, 0x30, 0x33, 0x30, 0x31, 0x30, 0x31, 0xB0, 0x30, 0xB0, 0x30, 0xF0, 0x30,
    0x70, 0x30, 0x70, 0x0F, 0xC0, 0x18, 0x60, 0x30, 0x30, 0x60, 0x18, 0x60, 0x18, 0x60, 0x18, 0x60,
    0x18, 0x60, 0x18, 0x60, 0x18, 0x30, 0x30, 0x18, 0x60, 0x0F, 0xC0, 0x3F, 0x00, 0x31, 0x80, 0x30,
    0xC0, 0x30, 0xC0, 0x30, 0xC0, 0x31, 0x80, 0x3F, 0x00, 0x30, 0x00, 0x30, 0x00, 0x30, 0x00, 0x30,
    0x00, 0x30, 0x00, 0x0F, 0xC0, 0x18, 0x60, 0x30, 0x30, 0x60, 0x18, 0x60, 0x18, 0x60, 0x18, 0x60,
    0x18, 0x60, 0x18, 0x60, 0x18, 0x30, 0x30, 0x18, 0x60, 0x0F, 0xE0, 0x00, 0x30, 0x00, 0x18, 0x3F,
    0x00, 0x33, 0x80, 0x31, 0x80, 0x31, 0x80, 0x31, 0x80, 0x33, 0x00, 0x3E, 0x00, 0x32, 0x00, 0x33,
    0x00, 0x31, 0x80, 0x31, 0x80, 0x30, 0xC0, 0x1E, 0x00, 0x31, 0x00, 0x60, 0x00, 0x60, 0x00, 0x70,
    0x00, 0x38, 0x00, 0x0E, 0x00, 0x03, 0x80, 0x01, 0x80, 0x01, 0x80, 0x43, 0x80, 0x3E, 0x00, 0x7F,
    0x80, 0x0C, 0x00, 0x0C, 0x00, 0x0C, 0x00, 0x0C, 0x00, 0x0C, 0x00, 0x0C, 0x00, 0x0C, 0x00, 0x0C,
    0x00, 0x0C, 0x00, 0x0C, 0x00, 0x0C, 0x00, 0x60, 0x60, 0x60, 0x60, 0x60, 0x60, 0x60, 0x60, 0x60,
    0x60, 0x60, 0x60, 0x60, 0x60, 0x60, 0x60, 0x60, 0x60, 0x60, 0x60, 0x30, 0xC0, 0x1F, 0x80, 0xC0,
    0x60, 0xC0, 0xC0, 0x60, 0xC0, 0x60, 0xC0, 0x61, 0x80, 0x31, 0x80, 0x33, 0x00, 0x33, 0x00, 0x1A,
    0x00, 0x1E, 0x00, 0x1E, 0x00, 0x0C, 0x00, 0xC1, 0x83, 0xC1, 0x83, 0x63, 0xC2, 0x63, 0xC6, 0x62,
    0x46, 0x66, 0x66, 0x26, 0x64, 0x34, 0x24, 0x3C, 0x3C, 0x3C, 0x3C, 0x18, 0x18, 0x18, 0x18, 0xC0,
    0xC0, 0x61, 0x80, 0x23, 0x00, 0x33, 0x00, 0x1E, 0x00, 0x0C, 0x00, 0x0C, 0x00, 0x1E, 0x00, 0x33,
    0x00, 0x23, 0x00, 0x61, 0x80, 0xC0, 0xC0, 0xC0, 0xC0, 0x61, 0x80, 0x61, 0x80, 0x33, 0x00, 0x33,
    0x00, 0x1E, 0x00, 0x1E, 0x00, 0x0C, 0x00, 0x0C, 0x00, 0x0C, 0x00, 0x0C, 0x00, 0x0C, 0x00, 0x7F,
    0xC0, 0x00, 0x80, 0x01, 0x00, 0x02, 0x00, 0x06, 0x00, 0x04, 0x00, 0x08, 0x00, 0x18, 0x00, 0x30,
    0x00, 0x20, 0x00, 0x40, 0x00, 0xFF, 0xC0, 0x38, 0x20, 0x20, 0x20, 0x20, 0x20, 0x20, 0x20, 0x20,
    0x20, 0x20, 0x20, 0x20, 0x20, 0x38, 0x80, 0x40, 0x40, 0x60, 0x20, 0x20, 0x10, 0x10, 0x08, 0x08,
    0x0C, 0x04, 0x04, 0x02, 0xE0, 0x20, 0x20, 0x20, 0x20, 0x20, 0x20, 0x20, 0x20, 0x20, 0x20, 0x20,
    0x20, 0x20, 0xE0, 0x02, 0x00, 0x07, 0x00, 0x05, 0x00, 0x09, 0x80, 0x18, 0x80, 0x10, 0x80, 0x20,
    0x40, 0x00, 0x00, 0x00, 0x00, 0x00, 0x00, 0x00, 0x00, 0x00, 0x00, 0x00, 0x00, 0x00, 0xFE, 0x40,
    0x20, 0x10, 0x00, 0x00, 0x00, 0x00, 0x00, 0x00, 0x00, 0x00, 0x00, 0x00, 0x1E, 0x00, 0x23, 0x00,
    0x03, 0x00, 0x07, 0x00, 0x3B, 0x00, 0x63, 0x00, 0x63, 0x00, 0x67, 0x00, 0x3B, 0x00, 0x60, 0x00,
    0x60, 0x00, 0x60, 0x00, 0x60, 0x00, 0x6F, 0x00, 0x71, 0x80, 0x60, 0xC0, 0x60, 0xC0, 0x60, 0xC0,
    0x60, 0xC0, 0x60, 0xC0, 0x71, 0x80, 0x6F, 0x00, 0x1E, 0x30, 0x60, 0x60, 0x60, 0x60, 0x60, 0x30,
    0x1E, 0x01, 0x80, 0x01, 0x80, 0x01, 0x80, 0x01, 0x80, 0x1D, 0x80, 0x33, 0x80, 0x61, 0x80, 0x61,
    0x80, 0x61, 0x80, 0x61, 0x80, 0x61, 0x80, 0x33, 0x80, 0x1D, 0x80, 0x1E, 0x00, 0x33, 0x00, 0x61,
    0x80, 0x61, 0x80, 0x7F, 0x80, 0x60, 0x00, 0x60, 0x00, 0x31, 0x00, 0x1E, 0x00, 0x1C, 0x30, 0x30,
    0x30, 0x7C, 0x30, 0x30, 0x30, 0x30, 0x30, 0x30, 0x30, 0x30, 0x1D, 0x80, 0x33, 0x80, 0x61, 0x80,
    0x61, 0x80, 0x61, 0x80, 0x61, 0x80, 0x61, 0x80, 0x33, 0x80, 0x1D, 0x80, 0x01, 0x80, 0x01, 0x80,
    0x23, 0x00, 0x1E, 0x00, 0x60, 0x00, 0x60, 0x00, 0x60, 0x00, 0x60, 0x00, 0x6F, 0x00, 0x73, 0x80,
    0x61, 0x80, 0x61, 0x80, 0x61, 0x80, 0x61, 0x80, 0x61, 0x80, 0x61, 0x80, 0x61, 0x80, 0x60, 0x60,
    0x00, 0x00, 0x60, 0x60, 0x60, 0x60, 0x60, 0x60, 0x60, 0x60, 0x60, 0x18, 0x18, 0x00, 0x00, 0x18,
    0x18, 0x18, 0x18, 0x18, 0x18, 0x18, 0x18, 0x18, 0x18, 0x18, 0x30, 0xE0, 0x60, 0x00, 0x60, 0x00,
    0x60, 0x00, 0x60, 0x00, 0x61, 0x00, 0x62, 0x00, 0x64, 0x00, 0x68, 0x00, 0x78, 0x00, 0x6C, 0x00,
    0x66, 0x00, 0x63, 0x00, 0x61, 0x80, 0x60, 0x60, 0x60, 0x60, 0x60, 0x60, 0x60, 0x60, 0x60, 0x60,
    0x60, 0x60, 0x60, 0x6F, 0x38, 0x73, 0xCC, 0x61, 0x8C, 0x61, 0x8C, 0x61, 0x8C, 0x61, 0x8C, 0x61,
    0x8C, 0x61, 0x8C, 0x61, 0x8C, 0x6F, 0x00, 0x73, 0x80, 0x61, 0x80, 0x61, 0x80, 0x61, 0x80, 0x61,
    0x80, 0x61, 0x80, 0x61, 0x80, 0x61, 0x80, 0x1F, 0x00, 0x31, 0x80, 0x60, 0xC0, 0x60, 0xC0, 0x60,
    0xC0, 0x60, 0xC0, 0x60, 0xC0, 0x31, 0x80, 0x1F, 0x00, 0x6F, 0x00, 0x71, 0x80, 0x60, 0xC0, 0x60,
    0xC0, 0x60, 0xC0, 0x60, 0xC0, 0x60, 0xC0, 0x71, 0x80, 0x6F, 0x00, 0x60, 0x00, 0x60, 0x00, 0x60,
    0x00, 0x60, 0x00, 0x1D, 0x80, 0x33, 0x80, 0x61, 0x80, 0x61, 0x80, 0x61, 0x80, 0x61, 0x80, 0x61,
    0x80, 0x33, 0x80, 0x1D, 0x80, 0x01, 0x80, 0x01, 0x80, 0x01, 0x80, 0x01, 0x80, 0x6C, 0x70, 0x60,
    0x60, 0x60, 0x60, 0x60, 0x60, 0x60, 0x3C, 0x62, 0x60, 0x70, 0x3C, 0x0E, 0x06, 0x46, 0x3C, 0x30,
    0x30, 0x30, 0x7C, 0x30, 0x30, 0x30, 0x30, 0x30, 0x30, 0x30, 0x1C, 0x61, 0x80, 0x61, 0x80, 0x61,
    0x80, 0x61, 0x80, 0x61, 0x80, 0x61, 0x80, 0x61, 0x80, 0x73, 0x80, 0x3D, 0x80, 0xC3, 0xC3, 0x66,
    0x66, 0x66, 0x24, 0x3C, 0x3C, 0x18, 0xC2, 0x08, 0xC3, 0x08, 0x67, 0x10, 0x67, 0x10, 0x64, 0x90,
    0x24, 0x90, 0x3C, 0xF0, 0x38, 0x60, 0x18, 0x60, 0xC3, 0x66, 0x24, 0x3C, 0x18, 0x3C, 0x2C, 0x66,
    0xC3, 0xC3, 0x42, 0x66, 0x66, 0x24, 0x2C, 0x3C, 0x18, 0x18, 0x10, 0x10, 0x30, 0xE0, 0xFF, 0x06,
    0x04, 0x0C, 0x18, 0x30, 0x20, 0x60, 0xFF, 0x10, 0x20, 0x20, 0x20, 0x20, 0x20, 0x20, 0x40, 0x20,
    0x20, 0x20, 0x20, 0x20, 0x20, 0x10, 0x40, 0x40, 0x40, 0x40, 0x40, 0x40, 0x40, 0x40, 0x40, 0x40,
    0x40, 0x40, 0x40, 0x40, 0x40, 0x40, 0x40, 0x40, 0x20, 0x20, 0x20, 0x20, 0x20, 0x20, 0x10, 0x20,
    0x20, 0x20, 0x20, 0x20, 0x20, 0x40, 0x1C, 0x40, 0x23, 0x80, 0x00, 0x00, 0x00, 0x00, 0x00, 0x00,
    0x00, 0x00, 0x38, 0x44, 0x44, 0x38, 0x00, 0x00, 0x00, 0x00, 0x00, 0x00, 0x00, 0x00, 0x10, 0x38,
    0x38, 0x54, 0x10, 0x10, 0x10, 0x10, 0x10, 0x10, 0x10, 0x10, 0x10, 0x10, 0x10, 0x10, 0x10, 0x10,
    0x10, 0x10, 0x10, 0x10, 0x10, 0x10, 0x54, 0x38, 0x38, 0x10, 0xFF, 0xFF, 0x00, 0x00, 0x00, 0x00,
    0x00, 0x00, 0x00, 0x00, 0x00, 0x00, 0x7F, 0xFE, 0x00, 0x00, 0x00, 0x00, 0x00, 0x00, 0x00, 0x00,
    0x00, 0x00, 0x3F, 0xFC, 0x00, 0x00, 0x00, 0x00, 0x00, 0x00, 0x00, 0x00, 0x00, 0x00, 0xFF, 0xFF,
    0x01, 0x00, 0x01, 0x00, 0x01, 0x00, 0x01, 0x00, 0x01, 0xFE, 0x01, 0x00, 0x01, 0x00, 0x01, 0x00,
    0x01, 0x00, 0x01, 0x00, 0x01, 0x00, 0x01, 0x00, 0xFF, 0xFF, 0xFF, 0xFF, 0x01, 0x00, 0x01, 0x00,
    0x01, 0x00, 0x01, 0xC0, 0x01, 0x60, 0x01, 0x18, 0x01, 0x0C, 0x01, 0x06, 0x01, 0x00, 0x01, 0x00,
    0x01, 0x00, 0x01, 0x00, 0x01, 0x00, 0xFF, 0xFE, 0x01, 0x80, 0x01, 0x00, 0x03, 0x00, 0x05, 0x00,
    0x09, 0x60, 0x19, 0x30, 0x31, 0x0C, 0x61, 0x06, 0xC1, 0x00, 0x01, 0x00, 0x01, 0x00, 0x01, 0x00,
    0x01, 0x00, 0x01, 0x00, 0x01, 0x00, 0x01, 0x00, 0x7F, 0xFC, 0x41, 0x04, 0x41, 0x04, 0x41, 0x04,
    0x41, 0x04, 0x7F, 0xFC, 0x41, 0x04, 0x01, 0x00, 0x01, 0x00, 0x01, 0x00, 0x01, 0x00, 0x01, 0x00,
    0x00, 0xF0, 0x7F, 0x00, 0x40, 0x00, 0x40, 0x80, 0x40, 0x80, 0x40, 0x80, 0x40, 0x80, 0x7F, 0xFE,
    0x00, 0x80, 0x08, 0x90, 0x10, 0x88, 0x20, 0x84, 0x40, 0x82, 0x80, 0x81, 0x07, 0x80, 0x7F, 0xFE,
    0x00, 0x0E, 0x00, 0x18, 0x00, 0x60, 0x00, 0xC0, 0x00, 0x80, 0x00, 0x80, 0x00, 0x80, 0x00, 0x80,
    0x00, 0x80, 0x00, 0x80, 0x00, 0x80, 0x0F, 0x00, 0x7F, 0xFC, 0x00, 0x00, 0x00, 0x00, 0x00, 0x00,
    0x00, 0x00, 0x00, 0x00, 0x00, 0x00, 0x00, 0x00, 0x00, 0x00, 0x00, 0x00, 0xFF, 0xFE, 0x7F, 0xFE,
    0x04, 0x00, 0x04, 0x00, 0x04, 0x00, 0x04, 0x00, 0x7F, 0xF8, 0x0C, 0x08, 0x08, 0x08, 0x08, 0x08,
    0x08, 0x08, 0x08, 0x08, 0x08, 0x08, 0xFF, 0xFF, 0x10, 0x20, 0x11, 0x20, 0x21, 0x20, 0x23, 0xFE,
    0x62, 0x20, 0x64, 0x20, 0xE4, 0x20, 0xA0, 0x20, 0x27, 0xFF, 0x20, 0x20, 0x20, 0x20, 0x20, 0x20,
    0x20, 0x20, 0x20, 0x20, 0x08, 0x0E, 0x13, 0xF8, 0x12, 0x20, 0x22, 0x20, 0x22, 0x20, 0x62, 0x20,
    0xE3, 0xFF, 0xA2, 0x20, 0x22, 0x20, 0x22, 0x10, 0x22, 0x51, 0x23, 0x99, 0x23, 0x49, 0x24, 0x26,
    0x10, 0x80, 0x10, 0x40, 0x2F, 0xFE, 0x20, 0x00, 0x23, 0xFC, 0x62, 0x04, 0x63, 0xFC, 0xA0, 0x00,
    0xAF, 0xFE, 0x28, 0x02, 0x27, 0xFC, 0x20, 0x20, 0x20, 0x20, 0x20, 0x20, 0x21, 0xE0, 0x00, 0x00,
    0x01, 0x00, 0x01, 0x80, 0xFF, 0xFE, 0x06, 0x00, 0x0C, 0x20, 0x18, 0x10, 0x30, 0x18, 0x7F, 0xFC,
    0x04, 0x44, 0x04, 0x40, 0x0C, 0x42, 0x08, 0x42, 0x30, 0x42, 0xC0, 0x7C, 0x01, 0x00, 0xFF, 0xFE,
    0x01, 0x00, 0x01, 0x00, 0x3F, 0xF8, 0x20, 0x08, 0x20, 0x08, 0x20, 0x08, 0x3F, 0xF8, 0x24, 0x48,
    0x04, 0x42, 0x08, 0x42, 0x10, 0x42, 0xE0, 0x7C, 0x02, 0x00, 0x01, 0x00, 0x00, 0x80, 0x00, 0x00,
    0xFF, 0xFE, 0x00, 0x00, 0x00, 0x00, 0x04, 0x40, 0x0C, 0x20, 0x08, 0x30, 0x10, 0x10, 0x30, 0x08,
    0x60, 0x04, 0x40, 0x06, 0x80, 0x02, 0x08, 0x20, 0x08, 0x20, 0x08, 0x20, 0x7F, 0xFC, 0x08, 0x20,
    0x08, 0x20, 0x08, 0x20, 0x08, 0x20, 0xFF, 0xFE, 0x00, 0x00, 0x08, 0x60, 0x1C, 0x30, 0x30, 0x18,
    0xE0, 0x0E, 0x40, 0x04, 0x10, 0x08, 0x0C, 0x10, 0x04, 0x20, 0x7F, 0xFE, 0x00, 0x80, 0x00, 0x80,
    0x00, 0x80, 0xFF, 0xFF, 0x01, 0x80, 0x03, 0x80, 0x02, 0x40, 0x04, 0x20, 0x18, 0x10, 0x30, 0x0C,
    0xC0, 0x03, 0x00, 0x80, 0x00, 0x80, 0x00, 0x80, 0x3F, 0xFC, 0x20, 0x84, 0x20, 0x84, 0x21, 0x84,
    0x21, 0xC4, 0x22, 0x64, 0x2C, 0x14, 0x38, 0x0C, 0x20, 0x04, 0x20, 0x04, 0x20, 0x3C, 0x00, 0x00,
    0x01, 0x00, 0x01, 0x00, 0x3F, 0xFC, 0x01, 0x00, 0x01, 0x00, 0x01, 0x00, 0x7F, 0xFE, 0x01, 0x00,
    0x21, 0x04, 0x21, 0x04, 0x21, 0x04, 0x21, 0x04, 0x21, 0x04, 0x3F, 0xFC, 0x00, 0x04, 0x20, 0x00,
    0x00, 0x23, 0xFE, 0x00, 0x20, 0xC6, 0x00, 0x20, 0x86, 0x00, 0xFC, 0x86, 0x00, 0x20, 0x84, 0x00,
    0x20, 0x84, 0x00, 0x20, 0x84, 0x00, 0x20, 0x84, 0x00, 0x22, 0x84, 0x00, 0x2D, 0x84, 0x00, 0x31,
    0x04, 0x00, 0x63, 0x04, 0x00, 0x06, 0x78, 0x00, 0x0C, 0x00, 0x00, 0x00, 0x20, 0x3F, 0x20, 0x00,
    0x20, 0x00, 0xFE, 0x00, 0x22, 0x7F, 0x22, 0x10, 0x22, 0x10, 0x22, 0x24, 0x22, 0x22, 0x42, 0x26,
    0x42, 0x79, 0xC2, 0x00, 0x82, 0x01, 0x1E, 0x01, 0x00, 0x01, 0x00, 0x01, 0xFE, 0x01, 0x00, 0x01,
    0x00, 0x01, 0x00, 0xFF, 0xFF, 0x00, 0x00, 0x01, 0x80, 0x01, 0x60, 0x01, 0x38, 0x01, 0x0C, 0x01,
    0x06, 0x01, 0x00, 0x01, 0x00, 0x3F, 0xFE, 0x20, 0x00, 0x20, 0x80, 0x20, 0x80, 0x2F, 0xFC, 0x20,
    0x84, 0x20, 0x84, 0x20, 0x84, 0x21, 0x04, 0x21, 0x04, 0x42, 0x04, 0x4C, 0x04, 0x98, 0x78, 0x00,
    0x00, 0xFE, 0xFE, 0x00, 0x02, 0x82, 0x00, 0x82, 0x82, 0x00, 0x46, 0x84, 0x00, 0x24, 0x44, 0x00,
    0x34, 0x44, 0x00, 0x1C, 0x48, 0x00, 0x08, 0x28, 0x00, 0x1C, 0x30, 0x00, 0x36, 0x30, 0x00, 0x22,
    0x48, 0x00, 0x41, 0x86, 0x00, 0x86, 0x03, 0x00, 0x01, 0x00, 0x01, 0x00, 0x3F, 0xFC, 0x21, 0x04,
    0x21, 0x04, 0x21, 0x04, 0x21, 0x04, 0x3F, 0xFC, 0x01, 0x04, 0x31, 0x00, 0x1B, 0x00, 0x0E, 0x00,
    0x07, 0x00, 0x19, 0xE0, 0xE0, 0x1F, 0x7F, 0xFC, 0x40, 0x04, 0x40, 0x04, 0x5F, 0xF4, 0x40, 0x04,
    0x40, 0x04, 0x4F, 0xE4, 0x48, 0x24, 0x48, 0x24, 0x48, 0x24, 0x4F, 0xE4, 0x48, 0x04, 0x40, 0x04,
    0x40, 0x3C, 0x01, 0x00, 0x00, 0x80, 0x3F, 0xFE, 0x20, 0x02, 0x20, 0x02, 0x3F, 0xFE, 0x20, 0x02,
    0x20, 0x00, 0x20, 0x00, 0x2F, 0xFC, 0x28, 0x04, 0x48, 0x04, 0x48, 0x04, 0x4F, 0xFC, 0x88, 0x04,
    0x7F, 0xFE, 0x44, 0x42, 0x44, 0x42, 0x44, 0x42, 0x44, 0x42, 0x44, 0x42, 0x44, 0x42, 0x48, 0x42,
    0x58, 0x3E, 0x70, 0x02, 0x40, 0x02, 0x40, 0x02, 0x7F, 0xFE, 0x40, 0x02, 0x02, 0x00, 0x02, 0x00,
    0xFF, 0xFF, 0x04, 0x00, 0x08, 0x20, 0x08, 0x20, 0x10, 0x20, 0x33, 0xFE, 0x30, 0x20, 0x50, 0x20,
    0x90, 0x20, 0x10, 0x20, 0x10, 0x20, 0x17, 0xFF, 0x10, 0x00, 0x20, 0x20, 0x20, 0x20, 0x22, 0x20,
    0x22, 0x26, 0xFA, 0x3E, 0x23, 0xE2, 0x26, 0x22, 0x22, 0x22, 0x22, 0x3C, 0x22, 0x21, 0x2A, 0x21,
    0x72, 0x21, 0xC2, 0x02, 0x01, 0xFE, 0x08, 0x20, 0x08, 0x20, 0x1F, 0x20, 0x11, 0x20, 0x21, 0x30,
    0x21, 0x2C, 0x6A, 0x26, 0x46, 0x23, 0x04, 0x20, 0x04, 0x20, 0x08, 0x20, 0x30, 0x20, 0x60, 0x20,
    0x01, 0x00, 0x01, 0x00, 0x01, 0x00, 0x01, 0x00, 0xFF, 0xFE, 0x01, 0x00, 0x01, 0x00, 0x03, 0x80,
    0x02, 0x80, 0x02, 0x80, 0x04, 0x40, 0x08, 0x20, 0x10, 0x30, 0x60, 0x18, 0xC0, 0x06, 0x20, 0x00,
    0x21, 0xFE, 0x20, 0x06, 0xFC, 0x0C, 0x44, 0x18, 0x44, 0x30, 0x44, 0x20, 0x4B, 0xFF, 0x48, 0x20,
    0x28, 0x20, 0x10, 0x20, 0x18, 0x20, 0x24, 0x20, 0x40, 0x20, 0x81, 0xE0, 0x01, 0x00, 0x01, 0x80,
    0x7F, 0xFE, 0x40, 0x02, 0x00, 0x00, 0xFF, 0xFF, 0x00, 0x80, 0x10, 0x80, 0x10, 0x80, 0x10, 0xFE,
    0x30, 0x80, 0x38, 0x80, 0x6C, 0x80, 0x43, 0xFF, 0x80, 0x00, 0x01, 0x00, 0x00, 0x80, 0x7F, 0xFE,
    0x40, 0x02, 0x3F, 0xF8, 0x06, 0x00, 0x08, 0x30, 0x1F, 0xF8, 0x31, 0x0C, 0x01, 0x00, 0x3F, 0xFC,
    0x01, 0x00, 0x01, 0x00, 0xFF, 0xFF, 0x00, 0x04, 0x00, 0x04, 0x7E, 0x04, 0x02, 0x04, 0x42, 0xFF,
    0x26, 0x04, 0x34, 0x84, 0x1C, 0x44, 0x0C, 0x44, 0x0C, 0x24, 0x16, 0x04, 0x32, 0x04, 0x61, 0x04,
    0x80, 0x78, 0x00, 0x80, 0x00, 0x80, 0x00, 0x80, 0x08, 0x90, 0x18, 0x98, 0x10, 0x88, 0x10, 0x8C,
    0x20, 0x84, 0x20, 0x86, 0x40, 0x82, 0xC0, 0x83, 0x80, 0x81, 0x00, 0x80, 0x00, 0x80, 0x0F, 0x00,
    0x7F, 0xFC, 0x00, 0x04, 0x00, 0x04, 0x20, 0x04, 0x20, 0x04, 0x3F, 0xFC, 0x20, 0x04, 0x20, 0x00,
    0x20, 0x01, 0x20, 0x01, 0x20, 0x01, 0x20, 0x02, 0x1F, 0xFE, 0x10, 0x00, 0x30, 0x00, 0x3F, 0xFC,
    0x20, 0x80, 0x40, 0x80, 0xC0, 0x80, 0xBF, 0xFC, 0x20, 0x80, 0x20, 0x80, 0x20, 0x80, 0xFF, 0xFE,
    0x00, 0x80, 0x00, 0x80, 0x00, 0x80, 0x00, 0x80, 0x00, 0x80, 0x00, 0x40, 0x3F, 0xFF, 0x20, 0x00,
    0x22, 0x08, 0x3F, 0xFF, 0x22, 0x08, 0x23, 0xF8, 0x20, 0x00, 0x2F, 0xFC, 0x24, 0x18, 0x43, 0xE0,
    0x43, 0xF0, 0x9C, 0x0F, 0x7F, 0xFC, 0x08, 0x20, 0x08, 0x20, 0x08, 0x20, 0x08, 0x20, 0x08, 0x20,
    0xFF, 0xFE, 0x08, 0x20, 0x08, 0x20, 0x08, 0x20, 0x10, 0x20, 0x10, 0x20, 0x60, 0x20, 0xC0, 0x20,
    0x00, 0x3C, 0x7F, 0xC0, 0x01, 0x00, 0x01, 0x00, 0x01, 0x00, 0x7F, 0xFE, 0x01, 0x00, 0x01, 0x00,
    0x01, 0x00, 0xFF, 0xFF, 0x01, 0x00, 0x01, 0x00, 0x01, 0x00, 0x1F, 0x00, 0x20, 0x40, 0x20, 0x20,
    0x27, 0xFE, 0xFC, 0x02, 0x24, 0x42, 0x20, 0xC0, 0x20, 0x80, 0x37, 0xFE, 0xE1, 0x08, 0x23, 0x08,
    0x23, 0x90, 0x20, 0xF0, 0x20, 0x70, 0x23, 0x8C, 0xEC, 0x02, 0x00, 0x00, 0x20, 0x80, 0x21, 0xF8,
    0xFA, 0x10, 0x24, 0x20, 0x27, 0xFC, 0x22, 0x44, 0x3A, 0x44, 0x62, 0x44, 0xA2, 0x44, 0x2F, 0xFE,
    0x20, 0xC0, 0x20, 0xA0, 0x23, 0x18, 0xEC, 0x06, 0x00, 0x00, 0x20, 0x00, 0x23, 0xFE, 0x22, 0x02,
    0xFA, 0x02, 0x23, 0xFE, 0x22, 0x12, 0x22, 0x10, 0x2B, 0xFF, 0x72, 0x10, 0xA2, 0x10, 0x23, 0xFE,
    0x27, 0x02, 0x25, 0x02, 0x25, 0xFE, 0xE9, 0x02, 0x00, 0x00, 0x20, 0x40, 0x20, 0x20, 0x27, 0xFF,
    0xF9, 0x04, 0x20, 0x98, 0x27, 0xFF, 0x38, 0x40, 0xE0, 0xC0, 0x2F, 0xFF, 0x21, 0x08, 0x23, 0xD0,
    0x20, 0x78, 0xEF, 0x87, 0x00, 0x00, 0x20, 0xA0, 0x21, 0xB0, 0x23, 0x10, 0xFB, 0xFF, 0x26, 0x20,
    0x2E, 0x20, 0x23, 0xFF, 0x22, 0x20, 0x3A, 0x20, 0xE2, 0x20, 0x23, 0xFF, 0x22, 0x20, 0x22, 0x20,
    0x22, 0x20, 0x23, 0xFF, 0xE2, 0x00, 0x00, 0x00, 0x20, 0x1E, 0x27, 0xF2, 0x22, 0x24, 0xF9, 0x28,
    0x27, 0xFF, 0x20, 0x70, 0x29, 0xAC, 0x32, 0x23, 0x6F, 0xFE, 0xA2, 0x22, 0x23, 0xFE, 0x22, 0x22,
    0x22, 0x22, 0x23, 0xFE, 0xE2, 0x02, 0x00, 0x00, 0x10, 0x20, 0x08, 0x20, 0x00, 0x40, 0xFF, 0x7E,
    0x20, 0xC4, 0x20, 0xC4, 0x3D, 0x44, 0x24, 0x64, 0x24, 0x28, 0x24, 0x38, 0x24, 0x10, 0x44, 0x28,
    0x44, 0x46, 0x9D, 0x83, 0x00, 0x00, 0x08, 0x20, 0x49, 0x20, 0x2A, 0x20, 0x08, 0x7E, 0xFF, 0x44,
    0x1C, 0xC4, 0x6E, 0xC4, 0x8A, 0x28, 0x10, 0x28, 0xFE, 0x28, 0x62, 0x30, 0x64, 0x30, 0x18, 0x68,
    0x37, 0xC4, 0xC1, 0x82, 0x01, 0x00, 0x00, 0x80, 0x00, 0x80, 0xFF, 0xFF, 0x10, 0x08, 0x10, 0x08,
    0x08, 0x10, 0x08, 0x10, 0x04, 0x20, 0x06, 0x40, 0x03, 0x80, 0x03, 0x80, 0x06, 0x60, 0x38, 0x1C,
    0xC0, 0x07, 0x7F, 0xFC, 0x01, 0x00, 0x01, 0x00, 0x01, 0x00, 0x02, 0x00, 0xFF, 0xFE, 0x02, 0x00,
    0x04, 0x80, 0x04, 0x80, 0x08, 0x82, 0x10, 0x82, 0x60, 0x82, 0xC0, 0xFC, 0x3F, 0xF8, 0x20, 0x08,
    0x20, 0x08, 0x20, 0x08, 0x20, 0x08, 0x20, 0x08, 0x3F, 0xF8, 0x20, 0x08, 0x20, 0x08, 0x20, 0x08,
    0x20, 0x08, 0x20, 0x08, 0x3F, 0xF8, 0x20, 0x08, 0x00, 0x08, 0x7C, 0x08, 0x44, 0x08, 0x47, 0xFE,
    0x44, 0x08, 0x7D, 0x08, 0x44, 0x88, 0x44, 0x88, 0x44, 0x48, 0x44, 0x48, 0x44, 0x08, 0x7C, 0x08,
    0x44, 0x08, 0x00, 0xF0, 0x3F, 0xFC, 0x20, 0x04, 0x3F, 0xFC, 0x20, 0x04, 0x3F, 0xFC, 0x10, 0x04,
    0x30, 0x80, 0x7F, 0xFE, 0x40, 0x80, 0xBF, 0xFE, 0x00, 0x80, 0x00, 0x80, 0xFF, 0xFF, 0x1F, 0xF8,
    0x10, 0x08, 0x1F, 0xF8, 0x10, 0x08, 0x1F, 0xF8, 0x10, 0x08, 0x00, 0x00, 0xFF, 0xFF, 0x08, 0x80,
    0x18, 0xFE, 0x18, 0x80, 0x2C, 0x80, 0x63, 0xFF, 0x80, 0x00, 0x10, 0x00, 0x10, 0x03, 0xFF, 0x7C,
    0x20, 0x40, 0x48, 0x40, 0x7E, 0x7E, 0x08, 0x48, 0xFE, 0x88, 0x09, 0x08, 0x1F, 0xF8, 0x10, 0x08,
    0x1F, 0xF8, 0x10, 0x08, 0x10, 0x08, 0x1F, 0xF8, 0x10, 0x08, 0x04, 0x40, 0x04, 0x40, 0x04, 0x40,
    0x7F, 0xFC, 0x44, 0x44, 0x44, 0x44, 0x44, 0x44, 0x44, 0x44, 0x7F, 0xFC, 0x44, 0x44, 0x44, 0x44,
    0x44, 0x44, 0x44, 0x44, 0x7F, 0xFC, 0x40, 0x04, 0x1F, 0xF8, 0x10, 0x08, 0x10, 0x08, 0x10, 0x08,
    0x1F, 0xF8, 0x10, 0x08, 0x10, 0x08, 0x10, 0x08, 0x1F, 0xF8, 0x10, 0x08, 0x30, 0x08, 0x20, 0x08,
    0x60, 0x08, 0x40, 0x70, 0x02, 0x00, 0x02, 0x00, 0xFF, 0xFE, 0x04, 0x00, 0x08, 0x00, 0x1F, 0xF8,
    0x30, 0x08, 0x5F, 0xF8, 0x90, 0x08, 0x10, 0x08, 0x1F, 0xF8, 0x10, 0x08, 0x10, 0x08, 0x10, 0x78,
    0x22, 0x3E, 0x7F, 0xA2, 0x22, 0x22, 0x3E, 0x22, 0x22, 0x3E, 0x22, 0x22, 0x3E, 0x22, 0x22, 0x22,
    0x22, 0x3E, 0xFF, 0xA2, 0x16, 0x62, 0x63, 0x42, 0xC0, 0x8E, 0x01, 0x00, 0x01, 0x00, 0x7F, 0xFC,
    0x01, 0x00, 0x01, 0x00, 0x01, 0x00, 0xFF, 0xFE, 0x03, 0x80, 0x05, 0x40, 0x09, 0x60, 0x11, 0x30,
    0x61, 0x08, 0xC1, 0x06, 0x01, 0x00, 0x01, 0x00, 0x01, 0x00, 0xFF, 0xFE, 0x03, 0x80, 0x03, 0x80,
    0x05, 0x40, 0x09, 0x40, 0x09, 0x20, 0x11, 0x10, 0x21, 0x18, 0x41, 0x0C, 0x9F, 0xF6, 0x01, 0x00,
    0x01, 0x00, 0x00, 0x80, 0x00, 0x80, 0x3F, 0xFC, 0x10, 0x88, 0x08, 0x90, 0x04, 0xA0, 0x00, 0x80,
    0x7F, 0xFE, 0x01, 0xC0, 0x02, 0xC0, 0x04, 0xA0, 0x08, 0x90, 0x30, 0x8C, 0x60, 0x86, 0x00, 0x80,
    0x10, 0x50, 0x10, 0xD8, 0x10, 0x88, 0xFC, 0x8C, 0x11, 0x06, 0x3B, 0x22, 0x3E, 0x41, 0x52, 0x40,
    0xD0, 0x88, 0x90, 0x84, 0x11, 0x04, 0x11, 0xFE, 0x13, 0x82, 0x00, 0x80, 0x00, 0x80, 0x10, 0x80,
    0x10, 0x80, 0x10, 0xFC, 0x10, 0x80, 0x10, 0x80, 0x10, 0x80, 0x10, 0x80, 0x10, 0x80, 0x10, 0x80,
    0x10, 0x80, 0x10, 0x80, 0xFF, 0xFE, 0x7F, 0xFE, 0x00, 0x80, 0x00, 0x80, 0x10, 0x80, 0x10, 0x80,
    0x10, 0x80, 0x10, 0xFE, 0x10, 0x80, 0x10, 0x80, 0x10, 0x80, 0x10, 0x80, 0x10, 0x80, 0xFF, 0xFF,
    0x00, 0x80, 0x10, 0x80, 0x10, 0xFC, 0x10, 0x80, 0x10, 0x80, 0xFF, 0xFE, 0x00, 0x00, 0x01, 0x00,
    0x09, 0x04, 0x31, 0x08, 0x61, 0x30, 0xC0, 0x60, 0x03, 0x80, 0x1E, 0x00, 0xE0, 0x00, 0x60, 0x40,
    0x30, 0x40, 0x1A, 0x40, 0x02, 0x5C, 0x43, 0xE4, 0x2E, 0x44, 0x12, 0x44, 0x02, 0x44, 0x12, 0x5C,
    0x12, 0x42, 0x22, 0x42, 0x22, 0x02, 0x62, 0x06, 0x41, 0xFC, 0xC0, 0x00, 0x61, 0xF8, 0x31, 0x08,
    0x01, 0x08, 0x82, 0x0F, 0x46, 0x00, 0x20, 0x00, 0x03, 0xFC, 0x22, 0x04, 0x21, 0x08, 0x40, 0xB0,
    0x40, 0x60, 0xC3, 0xB8, 0x9C, 0x07, 0x60, 0x40, 0x30, 0x20, 0x1F, 0xFE, 0x00, 0xC0, 0x41, 0x88,
    0x23, 0x04, 0x17, 0xFE, 0x00, 0x02, 0x12, 0x48, 0x12, 0x48, 0x22, 0x49, 0x26, 0x49, 0x6C, 0x49,
    0x58, 0x4E, 0x60, 0x00, 0x33, 0xFC, 0x1A, 0x04, 0x03, 0xFC, 0x42, 0x04, 0x63, 0xFC, 0x22, 0x04,
    0x00, 0x00, 0x27, 0xFE, 0x24, 0x92, 0x24, 0x92, 0x24, 0x92, 0x44, 0x92, 0x5F, 0xFF, 0x40, 0x00,
    0x40, 0x00, 0x23, 0xFE, 0x12, 0x02, 0x03, 0xFE, 0x42, 0x02, 0x23, 0xFE, 0x10, 0x00, 0x04, 0x89,
    0x24, 0x89, 0x26, 0x8A, 0x22, 0x8E, 0x22, 0x8C, 0x40, 0x88, 0x4F, 0xFF, 0x40, 0x00, 0x40, 0x00,
    0x27, 0xFF, 0x14, 0x10, 0x04, 0x20, 0x44, 0xFE, 0x24, 0x82, 0x14, 0xFE, 0x04, 0x82, 0x24, 0xFE,
    0x24, 0x10, 0x24, 0x54, 0x28, 0x92, 0x49, 0x13, 0x5A, 0x11, 0x50, 0x70, 0x81, 0x10, 0x5F, 0xFF,
    0x21, 0x10, 0x00, 0x00, 0x9F, 0xFF, 0xC1, 0x10, 0x41, 0x10, 0x0F, 0xFE, 0x49, 0x12, 0x49, 0x12,
    0x4A, 0x9A, 0x4A, 0x6E, 0x8C, 0x26, 0x88, 0x42, 0x88, 0x1E, 0x01, 0x00, 0x01, 0x00, 0x7F, 0xFC,
    0x41, 0x04, 0x41, 0x04, 0x41, 0x04, 0x7F, 0xFC, 0x41, 0x04, 0x41, 0x04, 0x41, 0x04, 0x7F, 0xFC,
    0x41, 0x02, 0x01, 0x02, 0x01, 0xFC, 0x08, 0x20, 0x10, 0x40, 0x7E, 0x7E, 0x42, 0x82, 0x42, 0x82,
    0x43, 0x42, 0x42, 0x62, 0x7E, 0x22, 0x42, 0x12, 0x42, 0x12, 0x42, 0x02, 0x42, 0x02, 0x7E, 0x02,
    0x42, 0x7C, 0x10, 0x00, 0x11, 0xFE, 0x11, 0x02, 0xFD, 0x02, 0x11, 0x02, 0x31, 0xFE, 0x39, 0x02,
    0x35, 0x02, 0x53, 0x02, 0xD1, 0xFE, 0x91, 0x02, 0x11, 0x02, 0x11, 0x02, 0x11, 0xFE, 0x11, 0x02,
    0x20, 0x00, 0x20, 0x00, 0x60, 0xFE, 0x7E, 0x82, 0x50, 0x82, 0xD0, 0x82, 0x90, 0x82, 0x10, 0x82,
    0xFE, 0x82, 0x10, 0x82, 0x18, 0x82, 0x1C, 0x82, 0x26, 0x82, 0x22, 0xFE, 0x41, 0x82, 0x80, 0x82,
    0x10, 0x5C, 0x20, 0x40, 0x28, 0x7E, 0x57, 0xE0, 0xD0, 0x40, 0xE0, 0x40, 0x20, 0x7F, 0x47, 0xE0,
    0xF8, 0x60, 0xC0, 0x62, 0x00, 0x2C, 0x3C, 0x31, 0xC0, 0xF9, 0x07, 0x0E, 0x10, 0x10, 0x22, 0x92,
    0x22, 0x94, 0x4A, 0x54, 0x92, 0x58, 0xF2, 0x10, 0x22, 0xFF, 0x42, 0x30, 0xFA, 0x38, 0x02, 0x54,
    0x02, 0x92, 0x3B, 0x10, 0xC2, 0x00, 0x03, 0xFF, 0x10, 0x20, 0x21, 0xFE, 0x44, 0x20, 0x8B, 0xFF,
    0xF8, 0x03, 0x31, 0x92, 0x20, 0x74, 0x43, 0x10, 0xF9, 0x90, 0x03, 0xFF, 0x00, 0x38, 0x38, 0x4C,
    0xC1, 0x86, 0x06, 0x01, 0x3F, 0xFC, 0x22, 0x24, 0x3F, 0xFC, 0x00, 0x80, 0x7F, 0xFE, 0x00, 0x80,
    0x1F, 0xFC, 0x10, 0x04, 0x1F, 0xFC, 0x10, 0x04, 0x1F, 0xFC, 0x10, 0x04, 0x7F, 0xFE, 0x00, 0x20,
    0x78, 0x10, 0x4B, 0xFF, 0x48, 0x00, 0x48, 0x88, 0x79, 0x4A, 0x49, 0x72, 0x49, 0x32, 0x49, 0x32,
    0x79, 0x32, 0x49, 0x4A, 0x49, 0x8A, 0x49, 0x02, 0xC9, 0xFE, 0xB8, 0x02, 0x00, 0x00, 0x01, 0x00,
    0x02, 0x00, 0x3F, 0xFC, 0x20, 0x04, 0x20, 0x04, 0x20, 0x04, 0x3F, 0xFC, 0x20, 0x04, 0x20, 0x04,
    0x3F, 0xFC, 0x20, 0x04, 0x20, 0x04, 0x20, 0x04, 0x3F, 0xFC, 0x20, 0x04, 0x21, 0xF8, 0x11, 0x08,
    0x09, 0x08, 0x02, 0x08, 0x76, 0x0F, 0x10, 0x00, 0x13, 0xFC, 0x11, 0x04, 0x11, 0x88, 0x10, 0x98,
    0x14, 0x70, 0x1C, 0xF0, 0x33, 0x8C, 0x0C, 0x03, 0x41, 0x08, 0x61, 0x98, 0x37, 0xFE, 0x00, 0x90,
    0x06, 0x94, 0xE2, 0x90, 0x2F, 0xFF, 0x20, 0x00, 0x23, 0xFC, 0x22, 0x04, 0x22, 0x04, 0x2B, 0xFC,
    0x3A, 0x04, 0x72, 0x04, 0x03, 0xFC, 0x40, 0x00, 0x27, 0xFF, 0x30, 0x20, 0x10, 0x40, 0x00, 0x40,
    0xE0, 0xF0, 0x21, 0x58, 0x21, 0x4C, 0x26, 0x46, 0x2C, 0x41, 0x38, 0x40, 0x20, 0x40, 0x60, 0x40,
    0xD8, 0x00, 0x8F, 0xFF, 0x00, 0x00, 0x40, 0x80, 0x21, 0x80, 0x37, 0xFE, 0x11, 0x00, 0x02, 0x20,
    0xE6, 0x20, 0x27, 0xFE, 0x20, 0x20, 0x20, 0x20, 0x2F, 0xFF, 0x20, 0x20, 0x20, 0x20, 0xD0, 0x20,
    0x8F, 0xFF, 0x10, 0x00, 0x08, 0x3E, 0xFF, 0xA2, 0x42, 0x24, 0x22, 0x24, 0x14, 0x28, 0xFF, 0xA8,
    0x00, 0x24, 0x00, 0x22, 0x7F, 0x22, 0x41, 0x22, 0x41, 0x22, 0x41, 0x3C, 0x7F, 0x20, 0x41, 0x20,
    0x1F, 0xF8, 0x10, 0x08, 0x1F, 0xF8, 0x10, 0x08, 0x1F, 0xF8, 0x00, 0x00, 0x7F, 0xFE, 0x10, 0x88,
    0x1F, 0xF8, 0x10, 0x88, 0x3F, 0xFC, 0x00, 0x80, 0x7F, 0xFE, 0x10, 0x08, 0x10, 0x30, 0x10, 0x60,
    0x11, 0x80, 0x16, 0x00, 0x10, 0x00, 0xFF, 0xFE, 0x11, 0x00, 0x10, 0x80, 0x10, 0xC0, 0x11, 0x60,
    0x1E, 0x18, 0x30, 0x06, 0x20, 0x00, 0x13, 0xFE, 0x08, 0x02, 0x40, 0x02, 0x47, 0xE2, 0x44, 0x22,
    0x44, 0x22, 0x47, 0xE2, 0x44, 0x22, 0x44, 0x22, 0x44, 0x22, 0x47, 0xE2, 0x44, 0x02, 0x40, 0x02,
    0x40, 0x3C, 0x01, 0x80, 0x7F, 0xFC, 0x08, 0x10, 0x04, 0x20, 0xFF, 0xFE, 0x00, 0x00, 0x3F, 0xF8,
    0x20, 0x08, 0x20, 0x08, 0x3F, 0xF8, 0x20, 0x08, 0x20, 0x08, 0x3F, 0xF8, 0x20, 0x08, 0xFF, 0xFF,
    0x01, 0x00, 0x01, 0x00, 0x3F, 0xFC, 0x20, 0x04, 0x21, 0x04, 0x21, 0x04, 0x21, 0x04, 0x21, 0x04,
    0x21, 0x04, 0x23, 0x84, 0x02, 0xE0, 0x0C, 0x18, 0x38, 0x06, 0xC0, 0x03, 0x08, 0x00, 0x09, 0xFF,
    0x48, 0x20, 0x4E, 0x20, 0x48, 0xFE, 0x48, 0x82, 0xFF, 0x92, 0x00, 0x92, 0x08, 0x92, 0x48, 0x92,
    0xCB, 0x92, 0x8E, 0xB2, 0x1C, 0x6C, 0x30, 0xC6, 0xC3, 0x01, 0x3F, 0xF8, 0x20, 0x08, 0x24, 0x28,
    0x26, 0x48, 0x22, 0x48, 0x21, 0x88, 0x21, 0x88, 0x21, 0x88, 0x22, 0xC8, 0x26, 0x68, 0x64, 0x29,
    0x48, 0x19, 0x40, 0x09, 0x80, 0x06, 0x0C, 0x10, 0x06, 0x60, 0xFF, 0xFF, 0x01, 0x00, 0x01, 0x00,
    0x3F, 0xFC, 0x20, 0x04, 0x20, 0x04, 0x3F, 0xFC, 0x20, 0x04, 0x3F, 0xFC, 0x20, 0x04, 0x20, 0x04,
    0x3F, 0xFC, 0x20, 0x04, 0x01, 0x80, 0xFF, 0xFF, 0x00, 0x00, 0x1F, 0xF8, 0x10, 0x08, 0x1F, 0xF8,
    0x00, 0x00, 0x7F, 0xFE, 0x40, 0x02, 0x4F, 0xE2, 0x48, 0x22, 0x4F, 0xE2, 0x48, 0x02, 0x40, 0x3E,
    0x00, 0x80, 0xFF, 0xFF, 0x00, 0x80, 0x7F, 0xFE, 0x00, 0x80, 0x00, 0x80, 0xFF, 0xFF, 0x04, 0x00,
    0x0F, 0xF8, 0x18, 0x10, 0x66, 0x60, 0xC3, 0xC0, 0x0F, 0xE0, 0xF0, 0x1F,
};

/* ---------- ui_font_cjk20: 20px, 199 个字形 ---------- */
static const UiGlyph g_cjk20[] = {
    {0x0020, 6, 0, 0, 0, 0, 0},        /* 空白 */
    {0x0021, 6, 6, 15, 0, -15, 0},
    {0x0022, 9, 9, 15, 0, -15, 15},
    {0x0023, 13, 13, 15, 0, -15, 45},
    {0x0024, 12, 12, 19, 0, -17, 75},
    {0x0025, 18, 18, 15, 0, -15, 113},
    {0x0026, 17, 17, 15, 0, -15, 158},
    {0x0027, 5, 5, 15, 0, -15, 203},
    {0x0028, 7, 7, 19, 0, -15, 218},
    {0x0029, 7, 7, 19, 0, -15, 237},
    {0x002A, 9, 9, 15, 0, -15, 256},
    {0x002B, 15, 15, 11, 0, -11, 286},
    {0x002C, 5, 5, 5, 0, -2, 308},
    {0x002D, 9, 9, 7, 0, -7, 313},
    {0x002E, 5, 5, 2, 0, -2, 327},
    {0x002F, 9, 9, 18, 0, -15, 329},
    {0x0030, 12, 12, 15, 0, -15, 365},
    {0x0031, 12, 12, 15, 0, -15, 395},
    {0x0032, 12, 12, 15, 0, -15, 425},
    {0x0033, 12, 12, 15, 0, -15, 455},
    {0x0034, 12, 12, 15, 0, -15, 485},
    {0x0035, 12, 12, 15, 0, -15, 515},
    {0x0036, 12, 12, 15, 0, -15, 545},
    {0x0037, 12, 12, 15, 0, -15, 575},
    {0x0038, 12, 12, 15, 0, -15, 605},
    {0x0039, 12, 12, 15, 0, -15, 635},
    {0x003A, 5, 5, 11, 0, -11, 665},
    {0x003B, 5, 5, 14, 0, -11, 676},
    {0x003C, 15, 15, 12, 0, -12, 690},
    {0x003D, 15, 15, 9, 0, -9, 714},
    {0x003E, 15, 15, 12, 0, -12, 732},
    {0x003F, 10, 10, 15, 0, -15, 756},
    {0x0040, 21, 21, 17, 0, -15, 786},
    {0x0041, 14, 14, 15, 0, -15, 837},
    {0x0042, 13, 13, 15, 0, -15, 867},
    {0x0043, 13, 13, 15, 0, -15, 897},
    {0x0044, 15, 15, 15, 0, -15, 927},
    {0x0045, 11, 11, 15, 0, -15, 957},
    {0x0046, 11, 11, 15, 0, -15, 987},
    {0x0047, 15, 15, 15, 0, -15, 1017},
    {0x0048, 15, 15, 15, 0, -15, 1047},
    {0x0049, 6, 6, 15, 0, -15, 1077},
    {0x004A, 8, 8, 15, 0, -15, 1092},
    {0x004B, 13, 13, 15, 0, -15, 1107},
    {0x004C, 10, 10, 15, 0, -15, 1137},
    {0x004D, 20, 20, 15, 0, -15, 1167},
    {0x004E, 16, 16, 15, 0, -15, 1212},
    {0x004F, 16, 16, 15, 0, -15, 1242},
    {0x0050, 12, 12, 15, 0, -15, 1272},
    {0x0051, 16, 16, 17, 0, -15, 1302},
    {0x0052, 13, 13, 15, 0, -15, 1336},
    {0x0053, 12, 12, 15, 0, -15, 1366},
    {0x0054, 11, 11, 15, 0, -15, 1396},
    {0x0055, 15, 15, 15, 0, -15, 1426},
    {0x0056, 14, 14, 15, 0, -15, 1456},
    {0x0057, 20, 20, 15, 0, -15, 1486},
    {0x0058, 13, 13, 15, 0, -15, 1531},
    {0x0059, 12, 12, 15, 0, -15, 1561},
    {0x005A, 12, 12, 15, 0, -15, 1591},
    {0x005B, 7, 7, 18, 0, -15, 1621},
    {0x005C, 8, 8, 18, 0, -15, 1639},
    {0x005D, 7, 7, 18, 0, -15, 1657},
    {0x005E, 15, 15, 15, 0, -15, 1675},
    {0x005F, 9, 9, 5, 0, 0, 1705},
    {0x0060, 6, 6, 16, 0, -16, 1715},
    {0x0061, 11, 11, 11, 0, -11, 1731},
    {0x0062, 13, 13, 16, 0, -16, 1753},
    {0x0063, 10, 10, 11, 0, -11, 1785},
    {0x0064, 13, 13, 16, 0, -16, 1807},
    {0x0065, 11, 11, 11, 0, -11, 1839},
    {0x0066, 7, 7, 16, 0, -16, 1861},
    {0x0067, 13, 13, 16, 0, -11, 1877},
    {0x0068, 12, 12, 16, 0, -16, 1909},
    {0x0069, 5, 5, 16, 0, -16, 1941},
    {0x006A, 5, 8, 21, -3, -16, 1957},
    {0x006B, 11, 11, 16, 0, -16, 1978},
    {0x006C, 5, 5, 16, 0, -16, 2010},
    {0x006D, 19, 19, 11, 0, -11, 2026},
    {0x006E, 12, 12, 11, 0, -11, 2059},
    {0x006F, 13, 13, 11, 0, -11, 2081},
    {0x0070, 13, 13, 16, 0, -11, 2103},
    {0x0071, 13, 13, 16, 0, -11, 2135},
    {0x0072, 8, 8, 11, 0, -11, 2167},
    {0x0073, 9, 9, 11, 0, -11, 2178},
    {0x0074, 7, 7, 14, 0, -14, 2200},
    {0x0075, 12, 12, 11, 0, -11, 2214},
    {0x0076, 11, 11, 11, 0, -11, 2236},
    {0x0077, 16, 16, 11, 0, -11, 2258},
    {0x0078, 10, 10, 11, 0, -11, 2280},
    {0x0079, 11, 11, 16, 0, -11, 2302},
    {0x007A, 10, 10, 11, 0, -11, 2334},
    {0x007B, 7, 7, 18, 0, -15, 2356},
    {0x007C, 5, 5, 22, 0, -17, 2374},
    {0x007D, 7, 7, 18, 0, -15, 2396},
    {0x007E, 15, 15, 8, 0, -8, 2414},
    {0x00B0, 8, 8, 15, 0, -15, 2430},
    {0x2191, 10, 10, 17, 0, -16, 2445},
    {0x2193, 10, 10, 17, 0, -16, 2479},
    {0x4E00, 20, 20, 8, 0, -8, 2513},
    {0x4E09, 20, 20, 16, 0, -15, 2537},
    {0x4E0A, 20, 20, 17, 0, -16, 2585},
    {0x4E0B, 20, 20, 17, 0, -15, 2636},
    {0x4E0D, 20, 20, 17, 0, -15, 2687},
    {0x4E2D, 20, 20, 18, 0, -16, 2738},
    {0x4E50, 20, 20, 18, 0, -16, 2792},
    {0x4E86, 20, 20, 16, 0, -15, 2846},
    {0x4E8C, 20, 20, 14, 0, -14, 2894},
    {0x4E94, 20, 20, 16, 0, -15, 2936},
    {0x4EF6, 20, 20, 18, 0, -16, 2984},
    {0x4F4E, 20, 20, 17, 0, -16, 3038},
    {0x505C, 20, 20, 19, 0, -16, 3089},
    {0x5145, 20, 20, 18, 0, -16, 3146},
    {0x514B, 20, 20, 18, 0, -16, 3200},
    {0x516D, 20, 20, 18, 0, -16, 3254},
    {0x5171, 20, 20, 18, 0, -16, 3308},
    {0x5173, 20, 20, 18, 0, -16, 3362},
    {0x5185, 20, 20, 18, 0, -16, 3416},
    {0x51FB, 20, 20, 18, 0, -16, 3470},
    {0x5207, 20, 20, 18, 0, -16, 3524},
    {0x52A8, 20, 20, 18, 0, -16, 3578},
    {0x5361, 20, 20, 18, 0, -16, 3632},
    {0x5386, 20, 20, 17, 0, -15, 3686},
    {0x53CC, 20, 21, 17, -1, -15, 3737},
    {0x53F2, 20, 20, 18, 0, -16, 3788},
    {0x540C, 20, 20, 17, 0, -15, 3842},
    {0x542F, 20, 20, 18, 0, -16, 3893},
    {0x56DB, 20, 20, 18, 0, -16, 3947},
    {0x5728, 20, 20, 18, 0, -16, 4001},
    {0x5730, 20, 20, 16, 0, -15, 4055},
    {0x5916, 20, 20, 19, 0, -16, 4103},
    {0x5927, 20, 20, 18, 0, -16, 4160},
    {0x597D, 20, 20, 18, 0, -16, 4214},
    {0x5B9A, 20, 20, 18, 0, -16, 4268},
    {0x5BA4, 20, 20, 18, 0, -17, 4322},
    {0x5BF9, 20, 20, 17, 0, -16, 4376},
    {0x5C0F, 20, 20, 17, 0, -16, 4427},
    {0x5DF2, 20, 20, 16, 0, -15, 4478},
    {0x5E74, 20, 20, 18, 0, -16, 4526},
    {0x5EA6, 20, 20, 18, 0, -16, 4580},
    {0x5F00, 20, 21, 17, -1, -15, 4634},
    {0x624B, 20, 20, 17, 0, -16, 4685},
    {0x6309, 20, 20, 19, 0, -16, 4736},
    {0x6362, 20, 20, 19, 0, -16, 4793},
    {0x636E, 20, 20, 19, 0, -16, 4850},
    {0x63A5, 20, 20, 19, 0, -16, 4907},
    {0x63A8, 20, 21, 19, 0, -16, 4964},
    {0x64AD, 20, 20, 19, 0, -16, 5021},
    {0x653E, 20, 20, 20, 0, -17, 5078},
    {0x6570, 20, 20, 20, 0, -17, 5138},
    {0x6587, 20, 20, 18, 0, -17, 5198},
    {0x65E0, 20, 20, 18, 0, -15, 5252},
    {0x65E5, 20, 20, 17, 0, -15, 5306},
    {0x65F6, 20, 20, 18, 0, -17, 5357},
    {0x661F, 20, 20, 16, 0, -15, 5411},
    {0x662F, 20, 20, 17, 0, -15, 5459},
    {0x6682, 20, 20, 19, 0, -17, 5510},
    {0x66F2, 20, 20, 18, 0, -16, 5567},
    {0x6708, 20, 20, 17, 0, -15, 5621},
    {0x6709, 20, 20, 19, 0, -17, 5672},
    {0x671F, 20, 20, 18, 0, -16, 5729},
    {0x672A, 20, 20, 20, 0, -17, 5783},
    {0x672C, 20, 20, 19, 0, -17, 5843},
    {0x6765, 20, 20, 20, 0, -17, 5900},
    {0x677E, 20, 20, 17, 0, -15, 5960},
    {0x6B62, 20, 20, 18, 0, -17, 6011},
    {0x6B63, 20, 20, 16, 0, -15, 6065},
    {0x6B65, 20, 20, 19, 0, -17, 6113},
    {0x6C60, 20, 20, 17, 0, -16, 6170},
    {0x6CA1, 20, 20, 17, 0, -16, 6221},
    {0x6D41, 20, 20, 19, 0, -17, 6272},
    {0x6E29, 20, 20, 18, 0, -16, 6329},
    {0x6E7F, 20, 20, 18, 0, -16, 6383},
    {0x6E90, 20, 20, 18, 0, -16, 6437},
    {0x6EE1, 20, 20, 18, 0, -16, 6491},
    {0x7535, 20, 20, 17, 0, -16, 6545},
    {0x7684, 20, 20, 18, 0, -16, 6596},
    {0x76F8, 20, 20, 18, 0, -16, 6650},
    {0x77E5, 20, 20, 20, 0, -17, 6704},
    {0x7EBF, 20, 20, 18, 0, -17, 6764},
    {0x7EE7, 20, 20, 17, 0, -16, 6818},
    {0x7EED, 20, 20, 20, 0, -17, 6869},
    {0x7F6E, 20, 20, 16, 0, -15, 6929},
    {0x8111, 20, 20, 19, 0, -16, 6977},
    {0x81EA, 20, 20, 19, 0, -17, 7034},
    {0x8BBE, 20, 20, 18, 0, -15, 7091},
    {0x8C31, 20, 20, 18, 0, -16, 7145},
    {0x8FD8, 20, 20, 19, 0, -16, 7199},
    {0x8FDE, 20, 20, 19, 0, -17, 7256},
    {0x90E8, 20, 20, 19, 0, -16, 7313},
    {0x91CF, 20, 20, 17, 0, -16, 7370},
    {0x957F, 20, 20, 19, 0, -16, 7421},
    {0x95F4, 20, 20, 18, 0, -16, 7478},
    {0x97F3, 20, 20, 18, 0, -16, 7532},
    {0x9875, 20, 20, 18, 0, -15, 7586},
    {0x9891, 20, 20, 19, 0, -16, 7640},
    {0x98CE, 20, 20, 17, 0, -15, 7697},
    {0x9996, 20, 20, 19, 0, -17, 7748},
    {0x9AD8, 20, 20, 18, 0, -16, 7805},
    {0x9EA6, 20, 20, 19, 0, -17, 7859},
};

static const uint8_t b_cjk20[] = {
    0x30, 0x30, 0x30, 0x30, 0x30, 0x30, 0x30, 0x30, 0x30, 0x30, 0x30, 0x00, 0x00, 0x30, 0x30, 0x24,
    0x00, 0x24, 0x00, 0x24, 0x00, 0x24, 0x00, 0x24, 0x00, 0x00, 0x00, 0x00, 0x00, 0x00, 0x00, 0x00,
    0x00, 0x00, 0x00, 0x00, 0x00, 0x00, 0x00, 0x00, 0x00, 0x00, 0x00, 0x00, 0x00, 0x04, 0x40, 0x04,
    0x40, 0x08, 0x80, 0x08, 0x80, 0x7F, 0xF0, 0x08, 0x80, 0x08, 0x80, 0x11, 0x00, 0xFF, 0xE0, 0x11,
    0x00, 0x11, 0x00, 0x22, 0x00, 0x22, 0x00, 0x22, 0x00, 0x00, 0x00, 0x03, 0x00, 0x03, 0x00, 0x0F,
    0x80, 0x1F, 0xC0, 0x3B, 0x40, 0x33, 0x00, 0x33, 0x00, 0x3B, 0x00, 0x1F, 0x00, 0x0F, 0x80, 0x03,
    0xC0, 0x03, 0x60, 0x03, 0x60, 0x03, 0x60, 0x23, 0x60, 0x3F, 0xC0, 0x1F, 0x80, 0x03, 0x00, 0x03,
    0x00, 0x1E, 0x06, 0x00, 0x33, 0x0C, 0x00, 0x61, 0x98, 0x00, 0x61, 0x98, 0x00, 0x61, 0xB0, 0x00,
    0x33, 0x60, 0x00, 0x1E, 0x60, 0x00, 0x00, 0xC0, 0x00, 0x01, 0x8F, 0x00, 0x01, 0x99, 0x80, 0x03,
    0x30, 0xC0, 0x06, 0x30, 0xC0, 0x06, 0x30, 0xC0, 0x0C, 0x19, 0x80, 0x18, 0x0F, 0x00, 0x07, 0x80,
    0x00, 0x0F, 0xC0, 0x00, 0x1C, 0x60, 0x00, 0x18, 0x66, 0x00, 0x18, 0x66, 0x00, 0x0C, 0xC6, 0x00,
    0x07, 0x06, 0x00, 0x1F, 0xC6, 0x00, 0x30, 0xEC, 0x00, 0x60, 0x7C, 0x00, 0x60, 0x38, 0x00, 0x60,
    0x38, 0x00, 0x70, 0x7C, 0x00, 0x3F, 0xEF, 0x80, 0x1F, 0x87, 0x80, 0x20, 0x20, 0x20, 0x20, 0x20,
    0x00, 0x00, 0x00, 0x00, 0x00, 0x00, 0x00, 0x00, 0x00, 0x00, 0x06, 0x0C, 0x1C, 0x18, 0x18, 0x30,
    0x30, 0x30, 0x30, 0x30, 0x30, 0x30, 0x30, 0x30, 0x18, 0x18, 0x18, 0x0C, 0x06, 0xC0, 0x60, 0x30,
    0x18, 0x18, 0x18, 0x0C, 0x0C, 0x0C, 0x0C, 0x0C, 0x0C, 0x0C, 0x18, 0x18, 0x18, 0x30, 0x60, 0xC0,
    0x0C, 0x00, 0x08, 0x00, 0x6B, 0x00, 0x1C, 0x00, 0x14, 0x00, 0x36, 0x00, 0x24, 0x00, 0x00, 0x00,
    0x00, 0x00, 0x00, 0x00, 0x00, 0x00, 0x00, 0x00, 0x00, 0x00, 0x00, 0x00, 0x00, 0x00, 0x01, 0x00,
    0x01, 0x00, 0x01, 0x00, 0x01, 0x00, 0x1F, 0xF0, 0x01, 0x00, 0x01, 0x00, 0x01, 0x00, 0x01, 0x00,
    0x00, 0x00, 0x00, 0x00, 0x30, 0x20, 0x60, 0x60, 0x40, 0x3F, 0x00, 0x00, 0x00, 0x00, 0x00, 0x00,
    0x00, 0x00, 0x00, 0x00, 0x00, 0x00, 0x00, 0x60, 0x60, 0x01, 0x80, 0x03, 0x00, 0x03, 0x00, 0x03,
    0x00, 0x06, 0x00, 0x06, 0x00, 0x0C, 0x00, 0x0C, 0x00, 0x0C, 0x00, 0x18, 0x00, 0x18, 0x00, 0x18,
    0x00, 0x30, 0x00, 0x30, 0x00, 0x60, 0x00, 0x60, 0x00, 0x60, 0x00, 0xC0, 0x00, 0x0F, 0x00, 0x1F,
    0xC0, 0x38, 0xC0, 0x30, 0xE0, 0x60, 0x60, 0x60, 0x60, 0x60, 0x60, 0x60, 0x60, 0x60, 0x60, 0x60,
    0x60, 0x60, 0x60, 0x70, 0xC0, 0x30, 0xC0, 0x1F, 0x80, 0x0F, 0x00, 0x03, 0x00, 0x0F, 0x00, 0x3F,
    0x00, 0x33, 0x00, 0x03, 0x00, 0x03, 0x00, 0x03, 0x00, 0x03, 0x00, 0x03, 0x00, 0x03, 0x00, 0x03,
    0x00, 0x03, 0x00, 0x03, 0x00, 0x03, 0x00, 0x03, 0x00, 0x0F, 0x00, 0x3F, 0x80, 0x31, 0xC0, 0x00,
    0xC0, 0x00, 0xC0, 0x00, 0xC0, 0x01, 0x80, 0x03, 0x80, 0x06, 0x00, 0x1C, 0x00, 0x38, 0x00, 0x20,
    0x00, 0x60, 0x00, 0x7F, 0xC0, 0x7F, 0xC0, 0x1F, 0x00, 0x3F, 0x80, 0x21, 0xC0, 0x00, 0xC0, 0x00,
    0xC0, 0x01, 0x80, 0x1F, 0x00, 0x1F, 0x80, 0x00, 0xC0, 0x00, 0x60, 0x00, 0x60, 0x00, 0x60, 0x40,
    0xC0, 0x7F, 0xC0, 0x3F, 0x00, 0x01, 0x80, 0x03, 0x80, 0x07, 0x80, 0x07, 0x80, 0x0D, 0x80, 0x09,
    0x80, 0x19, 0x80, 0x31, 0x80, 0x61, 0x80, 0x61, 0x80, 0xFF, 0xE0, 0xFF, 0xE0, 0x01, 0x80, 0x01,
    0x80, 0x01, 0x80, 0x1F, 0xC0, 0x3F, 0xC0, 0x30, 0x00, 0x30, 0x00, 0x30, 0x00, 0x30, 0x00, 0x3F,
    0x00, 0x3F, 0xC0, 0x00, 0xE0, 0x00, 0x60, 0x00, 0x60, 0x00, 0x60, 0x00, 0xC0, 0x3F, 0xC0, 0x3F,
    0x00, 0x07, 0x80, 0x1F, 0xC0, 0x18, 0x40, 0x30, 0x00, 0x20, 0x00, 0x67, 0x80, 0x6F, 0xC0, 0x70,
    0xE0, 0x60, 0x60, 0x60, 0x60, 0x60, 0x60, 0x60, 0x60, 0x30, 0xC0, 0x1F, 0xC0, 0x0F, 0x00, 0x7F,
    0xE0, 0x7F, 0xE0, 0x00, 0x40, 0x00, 0xC0, 0x01, 0x80, 0x01, 0x00, 0x03, 0x00, 0x02, 0x00, 0x06,
    0x00, 0x04, 0x00, 0x0C, 0x00, 0x0C, 0x00, 0x18, 0x00, 0x18, 0x00, 0x18, 0x00, 0x0F, 0x00, 0x1F,
    0x80, 0x39, 0xC0, 0x30, 0xC0, 0x30, 0xC0, 0x19, 0x80, 0x1F, 0x80, 0x1F, 0x80, 0x30, 0xC0, 0x60,
    0x60, 0x60, 0x60, 0x60, 0x60, 0x70, 0xE0, 0x3F, 0xC0, 0x0F, 0x00, 0x0F, 0x00, 0x3F, 0xC0, 0x30,
    0xC0, 0x60, 0x60, 0x60, 0x60, 0x60, 0x60, 0x60, 0x60, 0x70, 0xE0, 0x3F, 0xE0, 0x1F, 0x60, 0x00,
    0x60, 0x00, 0xC0, 0x21, 0xC0, 0x3F, 0x80, 0x1E, 0x00, 0x60, 0x60, 0x00, 0x00, 0x00, 0x00, 0x00,
    0x00, 0x00, 0x60, 0x60, 0x60, 0x60, 0x00, 0x00, 0x00, 0x00, 0x00, 0x00, 0x00, 0x60, 0x40, 0xC0,
    0xC0, 0x80, 0x00, 0x10, 0x00, 0x70, 0x01, 0xC0, 0x03, 0x80, 0x0E, 0x00, 0x18, 0x00, 0x0E, 0x00,
    0x03, 0x80, 0x01, 0xC0, 0x00, 0x70, 0x00, 0x10, 0x00, 0x00, 0x3F, 0xF0, 0x00, 0x00, 0x00, 0x00,
    0x00, 0x00, 0x3F, 0xF0, 0x00, 0x00, 0x00, 0x00, 0x00, 0x00, 0x00, 0x00, 0x10, 0x00, 0x1C, 0x00,
    0x07, 0x00, 0x03, 0x80, 0x00, 0xE0, 0x00, 0x30, 0x00, 0xE0, 0x03, 0x80, 0x07, 0x00, 0x1C, 0x00,
    0x10, 0x00, 0x00, 0x00, 0x3E, 0x00, 0x7F, 0x00, 0x43, 0x80, 0x01, 0x80, 0x01, 0x80, 0x03, 0x00,
    0x06, 0x00, 0x0C, 0x00, 0x18, 0x00, 0x18, 0x00, 0x18, 0x00, 0x00, 0x00, 0x00, 0x00, 0x18, 0x00,
    0x18, 0x00, 0x00, 0xFE, 0x00, 0x03, 0x03, 0x80, 0x06, 0x00, 0xC0, 0x0C, 0x00, 0x60, 0x18, 0x7C,
    0x60, 0x19, 0xCC, 0x30, 0x31, 0x84, 0x30, 0x33, 0x04, 0x30, 0x33, 0x04, 0x30, 0x33, 0x04, 0x30,
    0x33, 0x0C, 0x60, 0x31, 0x8C, 0x60, 0x18, 0xF3, 0x80, 0x1C, 0x00, 0x00, 0x0E, 0x00, 0x00, 0x03,
    0x03, 0x00, 0x00, 0xFC, 0x00, 0x03, 0x00, 0x07, 0x80, 0x07, 0x80, 0x05, 0x80, 0x0C, 0xC0, 0x0C,
    0xC0, 0x18, 0x60, 0x18, 0x60, 0x18, 0x60, 0x3F, 0xF0, 0x3F, 0xF0, 0x60, 0x18, 0x60, 0x18, 0x60,
    0x18, 0xC0, 0x0C, 0x3F, 0x80, 0x3F, 0xC0, 0x30, 0xE0, 0x30, 0x60, 0x30, 0x60, 0x30, 0xC0, 0x3F,
    0x80, 0x3F, 0xE0, 0x30, 0x60, 0x30, 0x30, 0x30, 0x30, 0x30, 0x30, 0x30, 0x70, 0x3F, 0xE0, 0x3F,
    0x80, 0x03, 0xE0, 0x0F, 0xF0, 0x1C, 0x10, 0x38, 0x00, 0x30, 0x00, 0x60, 0x00, 0x60, 0x00, 0x60,
    0x00, 0x60, 0x00, 0x60, 0x00, 0x70, 0x00, 0x30, 0x00, 0x3C, 0x10, 0x1F, 0xF0, 0x07, 0xE0, 0x3F,
    0x80, 0x3F, 0xE0, 0x30, 0x70, 0x30, 0x18, 0x30, 0x1C, 0x30, 0x0C, 0x30, 0x0C, 0x30, 0x0C, 0x30,
    0x0C, 0x30, 0x0C, 0x30, 0x18, 0x30, 0x38, 0x30, 0x70, 0x3F, 0xE0, 0x3F, 0x80, 0x3F, 0xC0, 0x3F,
    0xC0, 0x30, 0x00, 0x30, 0x00, 0x30, 0x00, 0x30, 0x00, 0x3F, 0x80, 0x3F, 0x80, 0x30, 0x00, 0x30,
    0x00, 0x30, 0x00, 0x30, 0x00, 0x30, 0x00, 0x3F, 0xC0, 0x3F, 0xC0, 0x3F, 0xC0, 0x3F, 0xC0, 0x30,
    0x00, 0x30, 0x00, 0x30, 0x00, 0x30, 0x00, 0x30, 0x00, 0x3F, 0xC0, 0x3F, 0xC0, 0x30, 0x00, 0x30,
    0x00, 0x30, 0x00, 0x30, 0x00, 0x30, 0x00, 0x30, 0x00, 0x03, 0xF8, 0x0F, 0xFC, 0x1C, 0x0C, 0x38,
    0x00, 0x30, 0x00, 0x60, 0x00, 0x60, 0x00, 0x60, 0xFC, 0x60, 0xFC, 0x60, 0x0C, 0x70, 0x0C, 0x38,
    0x0C, 0x1C, 0x0C, 0x0F, 0xFC, 0x03, 0xF0, 0x30, 0x18, 0x30, 0x18, 0x30, 0x18, 0x30, 0x18, 0x30,
    0x18, 0x30, 0x18, 0x3F, 0xF8, 0x3F, 0xF8, 0x30, 0x18, 0x30, 0x18, 0x30, 0x18, 0x30, 0x18, 0x30,
    0x18, 0x30, 0x18, 0x30, 0x18, 0x30, 0x30, 0x30, 0x30, 0x30, 0x30, 0x30, 0x30, 0x30, 0x30, 0x30,
    0x30, 0x30, 0x30, 0x30, 0x0C, 0x0C, 0x0C, 0x0C, 0x0C, 0x0C, 0x0C, 0x0C, 0x0C, 0x0C, 0x0C, 0x0C,
    0x18, 0xF8, 0xF0, 0x30, 0x18, 0x30, 0x30, 0x30, 0x60, 0x30, 0xC0, 0x31, 0x80, 0x33, 0x00, 0x37,
    0x00, 0x3E, 0x00, 0x37, 0x00, 0x33, 0x80, 0x31, 0xC0, 0x31, 0xC0, 0x30, 0xE0, 0x30, 0x70, 0x30,
    0x38, 0x30, 0x00, 0x30, 0x00, 0x30, 0x00, 0x30, 0x00, 0x30, 0x00, 0x30, 0x00, 0x30, 0x00, 0x30,
    0x00, 0x30, 0x00, 0x30, 0x00, 0x30, 0x00, 0x30, 0x00, 0x30, 0x00, 0x3F, 0xC0, 0x3F, 0xC0, 0x38,
    0x01, 0xC0, 0x3C, 0x03, 0xC0, 0x3C, 0x03, 0xC0, 0x34, 0x06, 0xC0, 0x36, 0x06, 0xC0, 0x36, 0x0C,
    0xC0, 0x32, 0x0C, 0xC0, 0x33, 0x08, 0xC0, 0x31, 0x18, 0xC0, 0x31, 0x90, 0xC0, 0x31, 0xB0, 0xC0,
    0x30, 0xB0, 0xC0, 0x30, 0xE0, 0xC0, 0x30, 0xE0, 0xC0, 0x30, 0x40, 0xC0, 0x38, 0x0C, 0x3C, 0x0C,
    0x3C, 0x0C, 0x36, 0x0C, 0x37, 0x0C, 0x33, 0x0C, 0x31, 0x8C, 0x31, 0x8C, 0x30, 0xCC, 0x30, 0xEC,
    0x30, 0x6C, 0x30, 0x3C, 0x30, 0x3C, 0x30, 0x1C, 0x30, 0x1C, 0x07, 0xE0, 0x0F, 0xF8, 0x1C, 0x3C,
    0x30, 0x0C, 0x70, 0x0E, 0x60, 0x06, 0x60, 0x06, 0x60, 0x06, 0x60, 0x06, 0x60, 0x06, 0x70, 0x0E,
    0x30, 0x0C, 0x3C, 0x38, 0x1F, 0xF0, 0x07, 0xE0, 0x3F, 0x80, 0x3F, 0xC0, 0x30, 0xE0, 0x30, 0x60,
    0x30, 0x60, 0x30, 0x60, 0x30, 0x60, 0x30, 0xC0, 0x3F, 0xC0, 0x3F, 0x00, 0x30, 0x00, 0x30, 0x00,
    0x30, 0x00, 0x30, 0x00, 0x30, 0x00, 0x07, 0xE0, 0x0F, 0xF8, 0x1C, 0x3C, 0x30, 0x0C, 0x70, 0x0E,
    0x60, 0x06, 0x60, 0x06, 0x60, 0x06, 0x60, 0x06, 0x60, 0x06, 0x70, 0x0E, 0x30, 0x0C, 0x3C, 0x38,
    0x1F, 0xF0, 0x07, 0xF8, 0x00, 0x1C, 0x00, 0x0E, 0x3F, 0x80, 0x3F, 0xC0, 0x30, 0xE0, 0x30, 0x60,
    0x30, 0x60, 0x30, 0x60, 0x30, 0xC0, 0x3F, 0xC0, 0x3F, 0x80, 0x31, 0xC0, 0x30, 0xC0, 0x30, 0x60,
    0x30, 0x70, 0x30, 0x30, 0x30, 0x18, 0x0F, 0x80, 0x3F, 0xC0, 0x70, 0x40, 0x60, 0x00, 0x60, 0x00,
    0x70, 0x00, 0x38, 0x00, 0x1F, 0x00, 0x07, 0x80, 0x00, 0xC0, 0x00, 0x60, 0x00, 0x60, 0x60, 0xE0,
    0x7F, 0xC0, 0x3F, 0x00, 0x7F, 0xE0, 0x7F, 0xE0, 0x06, 0x00, 0x06, 0x00, 0x06, 0x00, 0x06, 0x00,
    0x06, 0x00, 0x06, 0x00, 0x06, 0x00, 0x06, 0x00, 0x06, 0x00, 0x06, 0x00, 0x06, 0x00, 0x06, 0x00,
    0x06, 0x00, 0x30, 0x18, 0x30, 0x18, 0x30, 0x18, 0x30, 0x18, 0x30, 0x18, 0x30, 0x18, 0x30, 0x18,
    0x30, 0x18, 0x30, 0x18, 0x30, 0x18, 0x30, 0x18, 0x38, 0x38, 0x1C, 0x30, 0x1F, 0xF0, 0x07, 0xC0,
    0xC0, 0x0C, 0x60, 0x18, 0x60, 0x18, 0x60, 0x18, 0x30, 0x30, 0x30, 0x30, 0x18, 0x60, 0x18, 0x60,
    0x18, 0x60, 0x0C, 0xC0, 0x0C, 0xC0, 0x07, 0x80, 0x07, 0x80, 0x07, 0x80, 0x03, 0x00, 0xC0, 0x60,
    0x30, 0xC0, 0x60, 0x30, 0x60, 0xF0, 0x60, 0x60, 0xF0, 0x60, 0x60, 0xF0, 0x60, 0x61, 0x98, 0x60,
    0x31, 0x98, 0xC0, 0x31, 0x98, 0xC0, 0x33, 0x0C, 0xC0, 0x13, 0x0C, 0x80, 0x1B, 0x0C, 0x80, 0x1E,
    0x07, 0x80, 0x1E, 0x07, 0x80, 0x0E, 0x07, 0x00, 0x0C, 0x03, 0x00, 0xC0, 0x18, 0x60, 0x30, 0x30,
    0x60, 0x10, 0xC0, 0x19, 0xC0, 0x0D, 0x80, 0x07, 0x00, 0x06, 0x00, 0x07, 0x00, 0x0D, 0x80, 0x18,
    0xC0, 0x18, 0x40, 0x30, 0x60, 0x60, 0x30, 0xC0, 0x18, 0xC0, 0x30, 0x60, 0x60, 0x60, 0x60, 0x30,
    0xC0, 0x39, 0xC0, 0x19, 0x80, 0x1F, 0x00, 0x0F, 0x00, 0x06, 0x00, 0x06, 0x00, 0x06, 0x00, 0x06,
    0x00, 0x06, 0x00, 0x06, 0x00, 0x06, 0x00, 0x7F, 0xF0, 0x7F, 0xF0, 0x00, 0x60, 0x00, 0xC0, 0x01,
    0x80, 0x03, 0x80, 0x03, 0x00, 0x06, 0x00, 0x0C, 0x00, 0x1C, 0x00, 0x18, 0x00, 0x30, 0x00, 0x60,
    0x00, 0xFF, 0xF0, 0xFF, 0xF0, 0x3C, 0x30, 0x30, 0x30, 0x30, 0x30, 0x30, 0x30, 0x30, 0x30, 0x30,
    0x30, 0x30, 0x30, 0x30, 0x30, 0x30, 0x3C, 0xC0, 0xE0, 0x60, 0x60, 0x70, 0x30, 0x30, 0x38, 0x18,
    0x18, 0x1C, 0x0C, 0x0C, 0x0E, 0x06, 0x06, 0x07, 0x03, 0x78, 0x18, 0x18, 0x18, 0x18, 0x18, 0x18,
    0x18, 0x18, 0x18, 0x18, 0x18, 0x18, 0x18, 0x18, 0x18, 0x18, 0x78, 0x01, 0x00, 0x03, 0x80, 0x02,
    0x80, 0x06, 0xC0, 0x0C, 0x60, 0x0C, 0x60, 0x18, 0x30, 0x18, 0x30, 0x30, 0x18, 0x00, 0x00, 0x00,
    0x00, 0x00, 0x00, 0x00, 0x00, 0x00, 0x00, 0x00, 0x00, 0x00, 0x00, 0x00, 0x00, 0x00, 0x00, 0x00,
    0x00, 0xFF, 0x80, 0x60, 0x30, 0x18, 0x00, 0x00, 0x00, 0x00, 0x00, 0x00, 0x00, 0x00, 0x00, 0x00,
    0x00, 0x00, 0x00, 0x1F, 0x00, 0x3F, 0x80, 0x21, 0xC0, 0x00, 0xC0, 0x07, 0xC0, 0x3F, 0xC0, 0x60,
    0xC0, 0x60, 0xC0, 0x61, 0xC0, 0x7E, 0xC0, 0x3C, 0xC0, 0x30, 0x00, 0x30, 0x00, 0x30, 0x00, 0x30,
    0x00, 0x30, 0x00, 0x33, 0xC0, 0x37, 0xE0, 0x38, 0x70, 0x30, 0x30, 0x30, 0x30, 0x30, 0x30, 0x30,
    0x30, 0x30, 0x30, 0x38, 0x60, 0x3F, 0xE0, 0x37, 0x80, 0x0F, 0x00, 0x1F, 0x80, 0x38, 0x80, 0x70,
    0x00, 0x60, 0x00, 0x60, 0x00, 0x60, 0x00, 0x60, 0x00, 0x30, 0x80, 0x3F, 0x80, 0x0F, 0x00, 0x00,
    0x60, 0x00, 0x60, 0x00, 0x60, 0x00, 0x60, 0x00, 0x60, 0x0F, 0x60, 0x3F, 0xE0, 0x30, 0xE0, 0x60,
    0x60, 0x60, 0x60, 0x60, 0x60, 0x60, 0x60, 0x60, 0x60, 0x30, 0xE0, 0x3F, 0xE0, 0x1F, 0x60, 0x0F,
    0x00, 0x3F, 0x80, 0x31, 0xC0, 0x60, 0xC0, 0x7F, 0xC0, 0x7F, 0xC0, 0x60, 0x00, 0x60, 0x00, 0x30,
    0x80, 0x3F, 0x80, 0x1F, 0x00, 0x0E, 0x1E, 0x30, 0x30, 0x30, 0xFE, 0xFE, 0x30, 0x30, 0x30, 0x30,
    0x30, 0x30, 0x30, 0x30, 0x30, 0x0F, 0x60, 0x3F, 0xE0, 0x30, 0xE0, 0x60, 0x60, 0x60, 0x60, 0x60,
    0x60, 0x60, 0x60, 0x60, 0x60, 0x30, 0xE0, 0x3F, 0x60, 0x1E, 0x60, 0x00, 0x60, 0x00, 0xE0, 0x21,
    0xC0, 0x3F, 0xC0, 0x1F, 0x00, 0x30, 0x00, 0x30, 0x00, 0x30, 0x00, 0x30, 0x00, 0x30, 0x00, 0x33,
    0x80, 0x37, 0xC0, 0x38, 0xE0, 0x30, 0x60, 0x30, 0x60, 0x30, 0x60, 0x30, 0x60, 0x30, 0x60, 0x30,
    0x60, 0x30, 0x60, 0x30, 0x60, 0x60, 0x60, 0x00, 0x00, 0x00, 0x60, 0x60, 0x60, 0x60, 0x60, 0x60,
    0x60, 0x60, 0x60, 0x60, 0x60, 0x0C, 0x0C, 0x00, 0x00, 0x00, 0x0C, 0x0C, 0x0C, 0x0C, 0x0C, 0x0C,
    0x0C, 0x0C, 0x0C, 0x0C, 0x0C, 0x0C, 0x0C, 0x18, 0xF8, 0xF0, 0x30, 0x00, 0x30, 0x00, 0x30, 0x00,
    0x30, 0x00, 0x30, 0x00, 0x30, 0x60, 0x30, 0xC0, 0x31, 0x80, 0x33, 0x00, 0x36, 0x00, 0x3C, 0x00,
    0x36, 0x00, 0x37, 0x00, 0x33, 0x80, 0x31, 0xC0, 0x30, 0xE0, 0x30, 0x30, 0x30, 0x30, 0x30, 0x30,
    0x30, 0x30, 0x30, 0x30, 0x30, 0x30, 0x30, 0x30, 0x30, 0x30, 0x33, 0x8F, 0x00, 0x37, 0xDF, 0x80,
    0x38, 0xF1, 0xC0, 0x30, 0x60, 0xC0, 0x30, 0x60, 0xC0, 0x30, 0x60, 0xC0, 0x30, 0x60, 0xC0, 0x30,
    0x60, 0xC0, 0x30, 0x60, 0xC0, 0x30, 0x60, 0xC0, 0x30, 0x60, 0xC0, 0x33, 0x80, 0x37, 0xC0, 0x38,
    0xE0, 0x30, 0x60, 0x30, 0x60, 0x30, 0x60, 0x30, 0x60, 0x30, 0x60, 0x30, 0x60, 0x30, 0x60, 0x30,
    0x60, 0x0F, 0x80, 0x1F, 0xE0, 0x38, 0x60, 0x70, 0x30, 0x60, 0x30, 0x60, 0x30, 0x60, 0x30, 0x60,
    0x30, 0x38, 0x60, 0x3F, 0xC0, 0x0F, 0x80, 0x33, 0xC0, 0x37, 0xE0, 0x38, 0x70, 0x30, 0x30, 0x30,
    0x30, 0x30, 0x30, 0x30, 0x30, 0x30, 0x30, 0x38, 0x60, 0x3F, 0xE0, 0x37, 0x80, 0x30, 0x00, 0x30,
    0x00, 0x30, 0x00, 0x30, 0x00, 0x30, 0x00, 0x0F, 0x60, 0x3F, 0xE0, 0x30, 0xE0, 0x60, 0x60, 0x60,
    0x60, 0x60, 0x60, 0x60, 0x60, 0x60, 0x60, 0x30, 0xE0, 0x3F, 0xE0, 0x1F, 0x60, 0x00, 0x60, 0x00,
    0x60, 0x00, 0x60, 0x00, 0x60, 0x00, 0x60, 0x37, 0x37, 0x38, 0x30, 0x30, 0x30, 0x30, 0x30, 0x30,
    0x30, 0x30, 0x1C, 0x00, 0x7E, 0x00, 0x62, 0x00, 0x60, 0x00, 0x78, 0x00, 0x1E, 0x00, 0x07, 0x00,
    0x03, 0x00, 0x43, 0x00, 0x7E, 0x00, 0x3C, 0x00, 0x30, 0x30, 0x30, 0xFC, 0xFC, 0x30, 0x30, 0x30,
    0x30, 0x30, 0x30, 0x30, 0x3C, 0x1C, 0x30, 0x60, 0x30, 0x60, 0x30, 0x60, 0x30, 0x60, 0x30, 0x60,
    0x30, 0x60, 0x30, 0x60, 0x30, 0x60, 0x38, 0xE0, 0x1F, 0x60, 0x0E, 0x60, 0xC0, 0x60, 0x60, 0xC0,
    0x60, 0xC0, 0x61, 0x80, 0x31, 0x80, 0x33, 0x80, 0x33, 0x00, 0x1B, 0x00, 0x1E, 0x00, 0x1E, 0x00,
    0x0C, 0x00, 0xC1, 0x83, 0xC3, 0xC3, 0x63, 0xC6, 0x63, 0x46, 0x66, 0x66, 0x66, 0x66, 0x36, 0x24,
    0x3C, 0x3C, 0x3C, 0x3C, 0x1C, 0x18, 0x18, 0x18, 0xC0, 0xC0, 0x61, 0x80, 0x33, 0x00, 0x12, 0x00,
    0x1E, 0x00, 0x0C, 0x00, 0x1E, 0x00, 0x1A, 0x00, 0x33, 0x00, 0x61, 0x80, 0xC0, 0xC0, 0xC0, 0x60,
    0x60, 0xC0, 0x60, 0xC0, 0x60, 0xC0, 0x31, 0x80, 0x31, 0x80, 0x1B, 0x00, 0x1B, 0x00, 0x0A, 0x00,
    0x0E, 0x00, 0x0E, 0x00, 0x0C, 0x00, 0x0C, 0x00, 0x18, 0x00, 0xF8, 0x00, 0xE0, 0x00, 0x7F, 0xC0,
    0x7F, 0xC0, 0x01, 0x80, 0x03, 0x00, 0x06, 0x00, 0x0C, 0x00, 0x18, 0x00, 0x30, 0x00, 0x60, 0x00,
    0xFF, 0xC0, 0xFF, 0xC0, 0x0E, 0x1C, 0x18, 0x18, 0x18, 0x18, 0x18, 0x38, 0x60, 0x30, 0x18, 0x18,
    0x18, 0x18, 0x18, 0x18, 0x18, 0x06, 0x30, 0x30, 0x30, 0x30, 0x30, 0x30, 0x30, 0x30, 0x30, 0x30,
    0x30, 0x30, 0x30, 0x30, 0x30, 0x30, 0x30, 0x30, 0x30, 0x30, 0x30, 0x30, 0x70, 0x38, 0x18, 0x18,
    0x18, 0x18, 0x18, 0x1C, 0x06, 0x0C, 0x18, 0x18, 0x18, 0x18, 0x18, 0x18, 0x38, 0x60, 0x1E, 0x10,
    0x23, 0x10, 0x21, 0xE0, 0x00, 0x00, 0x00, 0x00, 0x00, 0x00, 0x00, 0x00, 0x00, 0x00, 0x3C, 0x66,
    0x42, 0x66, 0x3C, 0x00, 0x00, 0x00, 0x00, 0x00, 0x00, 0x00, 0x00, 0x00, 0x00, 0x0C, 0x00, 0x0C,
    0x00, 0x1E, 0x00, 0x2F, 0x00, 0x4C, 0x80, 0x0C, 0x00, 0x0C, 0x00, 0x0C, 0x00, 0x0C, 0x00, 0x0C,
    0x00, 0x0C, 0x00, 0x0C, 0x00, 0x0C, 0x00, 0x0C, 0x00, 0x0C, 0x00, 0x0C, 0x00, 0x0C, 0x00, 0x0C,
    0x00, 0x0C, 0x00, 0x0C, 0x00, 0x0C, 0x00, 0x0C, 0x00, 0x0C, 0x00, 0x0C, 0x00, 0x0C, 0x00, 0x0C,
    0x00, 0x0C, 0x00, 0x0C, 0x00, 0x0C, 0x00, 0x4C, 0x80, 0x3D, 0x00, 0x1E, 0x00, 0x0C, 0x00, 0x0C,
    0x00, 0xFF, 0xFF, 0xF0, 0x00, 0x00, 0x00, 0x00, 0x00, 0x00, 0x00, 0x00, 0x00, 0x00, 0x00, 0x00,
    0x00, 0x00, 0x00, 0x00, 0x00, 0x00, 0x00, 0x00, 0x00, 0x3F, 0xFF, 0xC0, 0x00, 0x00, 0x00, 0x00,
    0x00, 0x00, 0x00, 0x00, 0x00, 0x00, 0x00, 0x00, 0x00, 0x00, 0x00, 0x00, 0x00, 0x00, 0x1F, 0xFF,
    0x80, 0x00, 0x00, 0x00, 0x00, 0x00, 0x00, 0x00, 0x00, 0x00, 0x00, 0x00, 0x00, 0x00, 0x00, 0x00,
    0x00, 0x00, 0x00, 0x00, 0x00, 0x00, 0x7F, 0xFF, 0xE0, 0x00, 0x80, 0x00, 0x00, 0x80, 0x00, 0x00,
    0x80, 0x00, 0x00, 0x80, 0x00, 0x00, 0x80, 0x00, 0x00, 0x80, 0x00, 0x00, 0xFF, 0xC0, 0x00, 0x80,
    0x00, 0x00, 0x80, 0x00, 0x00, 0x80, 0x00, 0x00, 0x80, 0x00, 0x00, 0x80, 0x00, 0x00, 0x80, 0x00,
    0x00, 0x80, 0x00, 0x00, 0x80, 0x00, 0x00, 0x80, 0x00, 0xFF, 0xFF, 0xF0, 0xFF, 0xFF, 0xF0, 0x00,
    0x80, 0x00, 0x00, 0x80, 0x00, 0x00, 0x80, 0x00, 0x00, 0x80, 0x00, 0x00, 0xE0, 0x00, 0x00, 0xB8,
    0x00, 0x00, 0x8E, 0x00, 0x00, 0x83, 0x00, 0x00, 0x80, 0xC0, 0x00, 0x80, 0x60, 0x00, 0x80, 0x00,
    0x00, 0x80, 0x00, 0x00, 0x80, 0x00, 0x00, 0x80, 0x00, 0x00, 0x80, 0x00, 0x00, 0x80, 0x00, 0x7F,
    0xFF, 0xC0, 0x00, 0x60, 0x00, 0x00, 0xE0, 0x00, 0x00, 0xC0, 0x00, 0x01, 0xC0, 0x00, 0x03, 0xC0,
    0x00, 0x03, 0x58, 0x00, 0x06, 0x4C, 0x00, 0x0C, 0x46, 0x00, 0x18, 0x43, 0x00, 0x30, 0x41, 0x80,
    0x60, 0x40, 0xC0, 0xC0, 0x40, 0x00, 0x00, 0x40, 0x00, 0x00, 0x40, 0x00, 0x00, 0x40, 0x00, 0x00,
    0x40, 0x00, 0x00, 0x40, 0x00, 0x00, 0x40, 0x00, 0x00, 0x40, 0x00, 0x00, 0x40, 0x00, 0x3F, 0xFF,
    0xC0, 0x20, 0x40, 0x40, 0x20, 0x40, 0x40, 0x20, 0x40, 0x40, 0x20, 0x40, 0x40, 0x20, 0x40, 0x40,
    0x3F, 0xFF, 0xC0, 0x20, 0x40, 0x40, 0x00, 0x40, 0x00, 0x00, 0x40, 0x00, 0x00, 0x40, 0x00, 0x00,
    0x40, 0x00, 0x00, 0x40, 0x00, 0x00, 0x40, 0x00, 0x00, 0x0F, 0x80, 0x1F, 0xF0, 0x00, 0x10, 0x00,
    0x00, 0x10, 0x20, 0x00, 0x30, 0x20, 0x00, 0x30, 0x20, 0x00, 0x30, 0x20, 0x00, 0x30, 0x20, 0x00,
    0x3F, 0xFF, 0xE0, 0x00, 0x20, 0x00, 0x04, 0x22, 0x00, 0x0C, 0x21, 0x00, 0x18, 0x21, 0x80, 0x30,
    0x20, 0xC0, 0x60, 0x20, 0x60, 0xC0, 0x20, 0x30, 0x80, 0x20, 0x10, 0x03, 0xC0, 0x00, 0x7F, 0xFF,
    0xC0, 0x00, 0x01, 0xC0, 0x00, 0x03, 0x80, 0x00, 0x06, 0x00, 0x00, 0x0C, 0x00, 0x00, 0x18, 0x00,
    0x00, 0x30, 0x00, 0x00, 0x20, 0x00, 0x00, 0x20, 0x00, 0x00, 0x20, 0x00, 0x00, 0x20, 0x00, 0x00,
    0x20, 0x00, 0x00, 0x20, 0x00, 0x00, 0x20, 0x00, 0x00, 0x20, 0x00, 0x07, 0xC0, 0x00, 0x3F, 0xFF,
    0xC0, 0x00, 0x00, 0x00, 0x00, 0x00, 0x00, 0x00, 0x00, 0x00, 0x00, 0x00, 0x00, 0x00, 0x00, 0x00,
    0x00, 0x00, 0x00, 0x00, 0x00, 0x00, 0x00, 0x00, 0x00, 0x00, 0x00, 0x00, 0x00, 0x00, 0x00, 0x00,
    0x00, 0x00, 0x00, 0x00, 0x00, 0x7F, 0xFF, 0xE0, 0x7F, 0xFF, 0xC0, 0x01, 0x00, 0x00, 0x01, 0x00,
    0x00, 0x01, 0x00, 0x00, 0x01, 0x00, 0x00, 0x02, 0x00, 0x00, 0x7F, 0xFF, 0x00, 0x02, 0x01, 0x00,
    0x02, 0x01, 0x00, 0x02, 0x01, 0x00, 0x02, 0x01, 0x00, 0x04, 0x01, 0x00, 0x04, 0x01, 0x00, 0x04,
    0x01, 0x00, 0x04, 0x01, 0x00, 0xFF, 0xFF, 0xE0, 0x04, 0x04, 0x00, 0x0C, 0x44, 0x00, 0x08, 0x44,
    0x00, 0x08, 0x84, 0x00, 0x10, 0xFF, 0xE0, 0x31, 0x04, 0x00, 0x31, 0x04, 0x00, 0x73, 0x04, 0x00,
    0xD2, 0x04, 0x00, 0x90, 0x04, 0x00, 0x13, 0xFF, 0xF0, 0x10, 0x04, 0x00, 0x10, 0x04, 0x00, 0x10,
    0x04, 0x00, 0x10, 0x04, 0x00, 0x10, 0x04, 0x00, 0x10, 0x04, 0x00, 0x10, 0x04, 0x00, 0x04, 0x00,
    0x00, 0x0C, 0x01, 0xE0, 0x09, 0xFF, 0x00, 0x09, 0x04, 0x00, 0x11, 0x04, 0x00, 0x31, 0x04, 0x00,
    0x31, 0x04, 0x00, 0x71, 0xFF, 0xF0, 0xD1, 0x04, 0x00, 0x91, 0x04, 0x00, 0x11, 0x02, 0x00, 0x11,
    0x02, 0x00, 0x11, 0x02, 0x10, 0x11, 0x1B, 0x10, 0x11, 0x71, 0x10, 0x11, 0xD8, 0x90, 0x13, 0x0C,
    0x60, 0x04, 0x10, 0x00, 0x0C, 0x08, 0x00, 0x0B, 0xFF, 0xE0, 0x08, 0x00, 0x00, 0x11, 0xFF, 0x80,
    0x11, 0x00, 0x80, 0x31, 0xFF, 0x80, 0x71, 0x00, 0x80, 0xD0, 0x00, 0x00, 0x97, 0xFF, 0xE0, 0x14,
    0x00, 0x20, 0x14, 0x00, 0x20, 0x11, 0xFF, 0x80, 0x10, 0x08, 0x00, 0x10, 0x08, 0x00, 0x10, 0x08,
    0x00, 0x10, 0x08, 0x00, 0x10, 0x78, 0x00, 0x00, 0x00, 0x00, 0x00, 0x40, 0x00, 0x00, 0x60, 0x00,
    0x00, 0x30, 0x00, 0x7F, 0xFF, 0xE0, 0x01, 0x80, 0x00, 0x03, 0x04, 0x00, 0x06, 0x02, 0x00, 0x0C,
    0x01, 0x80, 0x1F, 0xFF, 0xC0, 0x01, 0x08, 0x40, 0x01, 0x08, 0x00, 0x01, 0x08, 0x00, 0x03, 0x08,
    0x20, 0x02, 0x08, 0x20, 0x06, 0x08, 0x20, 0x0C, 0x08, 0x20, 0x18, 0x07, 0xC0, 0x60, 0x00, 0x00,
    0x00, 0x40, 0x00, 0x00, 0x40, 0x00, 0xFF, 0xFF, 0xE0, 0x00, 0x40, 0x00, 0x00, 0x40, 0x00, 0x1F,
    0xFF, 0x80, 0x10, 0x00, 0x80, 0x10, 0x00, 0x80, 0x10, 0x00, 0x80, 0x10, 0x00, 0x80, 0x1F, 0xFF,
    0x80, 0x11, 0x10, 0x80, 0x01, 0x10, 0x00, 0x02, 0x10, 0x20, 0x02, 0x10, 0x20, 0x04, 0x10, 0x20,
    0x18, 0x0F, 0xC0, 0xE0, 0x00, 0x00, 0x00, 0x40, 0x00, 0x00, 0x40, 0x00, 0x00, 0x20, 0x00, 0x00,
    0x20, 0x00, 0x00, 0x00, 0x00, 0x7F, 0xFF, 0xE0, 0x00, 0x00, 0x00, 0x00, 0x08, 0x00, 0x01, 0x0C,
    0x00, 0x03, 0x04, 0x00, 0x02, 0x02, 0x00, 0x04, 0x03, 0x00, 0x04, 0x01, 0x00, 0x08, 0x00, 0x80,
    0x10, 0x00, 0xC0, 0x30, 0x00, 0x40, 0x60, 0x00, 0x60, 0x40, 0x00, 0x20, 0x04, 0x04, 0x00, 0x04,
    0x04, 0x00, 0x04, 0x04, 0x00, 0x7F, 0xFF, 0xE0, 0x04, 0x04, 0x00, 0x04, 0x04, 0x00, 0x04, 0x04,
    0x00, 0x04, 0x04, 0x00, 0x04, 0x04, 0x00, 0x04, 0x04, 0x00, 0xFF, 0xFF, 0xF0, 0x00, 0x00, 0x00,
    0x04, 0x04, 0x00, 0x0E, 0x0E, 0x00, 0x1C, 0x03, 0x80, 0x30, 0x01, 0xE0, 0xE0, 0x00, 0x70, 0x40,
    0x00, 0x20, 0x08, 0x01, 0x00, 0x06, 0x02, 0x00, 0x03, 0x04, 0x00, 0x01, 0x08, 0x00, 0x1F, 0xFF,
    0xE0, 0x00, 0x20, 0x00, 0x00, 0x20, 0x00, 0x00, 0x20, 0x00, 0x00, 0x20, 0x00, 0x7F, 0xFF, 0xF0,
    0x00, 0x60, 0x00, 0x00, 0xD0, 0x00, 0x00, 0xD8, 0x00, 0x01, 0x88, 0x00, 0x03, 0x06, 0x00, 0x06,
    0x03, 0x00, 0x18, 0x01, 0xC0, 0x60, 0x00, 0x60, 0x00, 0x40, 0x00, 0x00, 0x40, 0x00, 0x00, 0x40,
    0x00, 0x3F, 0xFF, 0x80, 0x20, 0x40, 0x80, 0x20, 0x40, 0x80, 0x20, 0x40, 0x80, 0x20, 0xC0, 0x80,
    0x20, 0xF0, 0x80, 0x21, 0x18, 0x80, 0x23, 0x0C, 0x80, 0x2C, 0x06, 0x80, 0x38, 0x03, 0x80, 0x20,
    0x00, 0x80, 0x20, 0x00, 0x80, 0x20, 0x00, 0x80, 0x20, 0x0F, 0x00, 0x00, 0x00, 0x00, 0x00, 0x40,
    0x00, 0x00, 0x40, 0x00, 0x00, 0x40, 0x00, 0x7F, 0xFF, 0xC0, 0x00, 0x40, 0x00, 0x00, 0x40, 0x00,
    0x00, 0x40, 0x00, 0x00, 0x40, 0x00, 0xFF, 0xFF, 0xE0, 0x00, 0x40, 0x00, 0x00, 0x40, 0x00, 0x20,
    0x40, 0x80, 0x20, 0x40, 0x80, 0x20, 0x40, 0x80, 0x20, 0x40, 0x80, 0x20, 0x40, 0x80, 0x3F, 0xFF,
    0x80, 0x00, 0x00, 0x80, 0x10, 0x00, 0x00, 0x11, 0xFF, 0xC0, 0x10, 0x10, 0x40, 0x10, 0x30, 0x40,
    0x10, 0x30, 0x40, 0x1F, 0x30, 0x40, 0x70, 0x20, 0x40, 0x10, 0x20, 0xC0, 0x10, 0x20, 0xC0, 0x10,
    0x20, 0x80, 0x11, 0x20, 0x80, 0x12, 0x20, 0x80, 0x1C, 0x60, 0x80, 0x18, 0x40, 0x80, 0x30, 0xC0,
    0x80, 0x01, 0x80, 0x80, 0x03, 0x1F, 0x00, 0x06, 0x00, 0x00, 0x00, 0x08, 0x00, 0x3F, 0x88, 0x00,
    0x00, 0x08, 0x00, 0x00, 0x7F, 0xE0, 0x00, 0x08, 0x60, 0x00, 0x08, 0x60, 0x7F, 0xC8, 0x60, 0x08,
    0x08, 0x40, 0x08, 0x08, 0x40, 0x12, 0x08, 0x40, 0x13, 0x18, 0x40, 0x11, 0x10, 0x40, 0x21, 0x10,
    0x40, 0x27, 0x90, 0x40, 0x78, 0xA0, 0x40, 0x00, 0x60, 0x40, 0x00, 0x47, 0x80, 0x00, 0xC0, 0x00,
    0x00, 0x80, 0x00, 0x00, 0x80, 0x00, 0x00, 0xFF, 0xC0, 0x00, 0x80, 0x00, 0x00, 0x80, 0x00, 0x00,
    0x80, 0x00, 0x00, 0x80, 0x00, 0x7F, 0xFF, 0xE0, 0x00, 0x00, 0x00, 0x00, 0x80, 0x00, 0x00, 0xE0,
    0x00, 0x00, 0xF0, 0x00, 0x00, 0x9C, 0x00, 0x00, 0x86, 0x00, 0x00, 0x81, 0x80, 0x00, 0x80, 0xC0,
    0x00, 0x80, 0x00, 0x00, 0x80, 0x00, 0x3F, 0xFF, 0xE0, 0x20, 0x00, 0x00, 0x20, 0x40, 0x00, 0x20,
    0x40, 0x00, 0x20, 0x40, 0x00, 0x20, 0x40, 0x00, 0x2F, 0xFF, 0x80, 0x20, 0x40, 0x80, 0x20, 0x40,
    0x80, 0x20, 0x40, 0x80, 0x20, 0xC0, 0x80, 0x20, 0x80, 0x80, 0x20, 0x80, 0x80, 0x41, 0x00, 0x80,
    0x42, 0x00, 0x80, 0xCC, 0x1F, 0x00, 0x98, 0x00, 0x00, 0xFF, 0x7F, 0xC0, 0x01, 0x20, 0x40, 0x01,
    0x20, 0x40, 0x81, 0x20, 0x40, 0x41, 0x20, 0x80, 0x62, 0x10, 0x80, 0x32, 0x10, 0x80, 0x1A, 0x11,
    0x00, 0x0E, 0x19, 0x00, 0x0E, 0x0B, 0x00, 0x06, 0x0E, 0x00, 0x0E, 0x04, 0x00, 0x1A, 0x0E, 0x00,
    0x31, 0x13, 0x00, 0x61, 0x61, 0x80, 0x80, 0xC0, 0xC0, 0x03, 0x00, 0x60, 0x00, 0x40, 0x00, 0x00,
    0x40, 0x00, 0x00, 0x40, 0x00, 0x3F, 0xFF, 0x80, 0x20, 0x40, 0x80, 0x20, 0x40, 0x80, 0x20, 0x40,
    0x80, 0x20, 0x40, 0x80, 0x20, 0x40, 0x80, 0x3F, 0xFF, 0x80, 0x00, 0x40, 0x80, 0x30, 0x40, 0x00,
    0x18, 0xC0, 0x00, 0x0E, 0x80, 0x00, 0x03, 0x80, 0x00, 0x03, 0xC0, 0x00, 0x1C, 0x7C, 0x00, 0xF0,
    0x03, 0xE0, 0x3F, 0xFF, 0xC0, 0x20, 0x00, 0x40, 0x20, 0x00, 0x40, 0x20, 0x00, 0x40, 0x2F, 0xFF,
    0x40, 0x20, 0x00, 0x40, 0x20, 0x00, 0x40, 0x23, 0xFC, 0x40, 0x22, 0x04, 0x40, 0x22, 0x04, 0x40,
    0x22, 0x04, 0x40, 0x22, 0x04, 0x40, 0x23, 0xFC, 0x40, 0x22, 0x00, 0x40, 0x20, 0x00, 0x40, 0x20,
    0x00, 0x40, 0x20, 0x07, 0x80, 0x00, 0x80, 0x00, 0x00, 0x40, 0x00, 0x3F, 0xFF, 0xC0, 0x20, 0x00,
    0x40, 0x20, 0x00, 0x40, 0x20, 0x00, 0x40, 0x3F, 0xFF, 0xC0, 0x20, 0x00, 0x40, 0x20, 0x00, 0x00,
    0x20, 0x00, 0x00, 0x27, 0xFF, 0xC0, 0x24, 0x00, 0x40, 0x24, 0x00, 0x40, 0x64, 0x00, 0x40, 0x44,
    0x00, 0x40, 0x44, 0x00, 0x40, 0xC7, 0xFF, 0xC0, 0x84, 0x00, 0x40, 0x3F, 0xFF, 0xC0, 0x21, 0x08,
    0x40, 0x21, 0x08, 0x40, 0x21, 0x08, 0x40, 0x21, 0x08, 0x40, 0x21, 0x08, 0x40, 0x21, 0x08, 0x40,
    0x21, 0x08, 0x40, 0x22, 0x08, 0x40, 0x22, 0x08, 0x40, 0x26, 0x07, 0xC0, 0x2C, 0x00, 0x40, 0x38,
    0x00, 0x40, 0x20, 0x00, 0x40, 0x20, 0x00, 0x40, 0x20, 0x00, 0x40, 0x3F, 0xFF, 0xC0, 0x20, 0x00,
    0x40, 0x01, 0x00, 0x00, 0x01, 0x00, 0x00, 0x7F, 0xFF, 0xF0, 0x02, 0x00, 0x00, 0x04, 0x08, 0x00,
    0x04, 0x08, 0x00, 0x08, 0x08, 0x00, 0x10, 0x08, 0x00, 0x10, 0x08, 0x00, 0x33, 0xFF, 0xE0, 0x70,
    0x08, 0x00, 0x50, 0x08, 0x00, 0x90, 0x08, 0x00, 0x10, 0x08, 0x00, 0x10, 0x08, 0x00, 0x10, 0x08,
    0x00, 0x17, 0xFF, 0xF0, 0x10, 0x00, 0x00, 0x10, 0x08, 0x00, 0x10, 0x08, 0x00, 0x10, 0x88, 0xC0,
    0x10, 0x8F, 0xC0, 0xFC, 0xB8, 0x40, 0x10, 0xC8, 0x40, 0x13, 0x88, 0x40, 0x10, 0x88, 0x40, 0x10,
    0x88, 0x40, 0x10, 0x8F, 0x80, 0x10, 0x88, 0x00, 0x12, 0x88, 0x20, 0x1C, 0x88, 0x20, 0x70, 0x80,
    0x20, 0xC0, 0x80, 0x40, 0x00, 0x7F, 0xC0, 0x04, 0x04, 0x00, 0x04, 0x04, 0x00, 0x0C, 0x04, 0x00,
    0x08, 0x04, 0x00, 0x0F, 0xC4, 0x00, 0x18, 0x44, 0x00, 0x10, 0x46, 0x00, 0x10, 0x47, 0x80, 0x20,
    0x84, 0xC0, 0x2C, 0x84, 0x60, 0x66, 0x84, 0x30, 0x43, 0x84, 0x00, 0x01, 0x04, 0x00, 0x03, 0x04,
    0x00, 0x02, 0x04, 0x00, 0x04, 0x04, 0x00, 0x0C, 0x04, 0x00, 0x18, 0x04, 0x00, 0x30, 0x04, 0x00,
    0x00, 0x40, 0x00, 0x00, 0x40, 0x00, 0x00, 0x40, 0x00, 0x00, 0x40, 0x00, 0x00, 0x40, 0x00, 0x00,
    0x40, 0x00, 0xFF, 0xFF, 0xE0, 0x00, 0x40, 0x00, 0x00, 0x40, 0x00, 0x00, 0xE0, 0x00, 0x00, 0xA0,
    0x00, 0x01, 0xB0, 0x00, 0x01, 0x10, 0x00, 0x02, 0x08, 0x00, 0x06, 0x0C, 0x00, 0x18, 0x06, 0x00,
    0x30, 0x01, 0x80, 0xC0, 0x00, 0xC0, 0x10, 0x00, 0x00, 0x10, 0xFF, 0xE0, 0x10, 0x00, 0xE0, 0x20,
    0x01, 0x80, 0xFE, 0x03, 0x00, 0x22, 0x06, 0x00, 0x22, 0x04, 0x00, 0x22, 0x04, 0x00, 0x43, 0xFF,
    0xF0, 0x44, 0x04, 0x00, 0x44, 0x04, 0x00, 0x24, 0x04, 0x00, 0x1C, 0x04, 0x00, 0x1C, 0x04, 0x00,
    0x16, 0x04, 0x00, 0x23, 0x04, 0x00, 0x60, 0x04, 0x00, 0xC0, 0x78, 0x00, 0x00, 0x80, 0x00, 0x00,
    0xE0, 0x00, 0x7F, 0xFF, 0xC0, 0x40, 0x00, 0x40, 0x40, 0x00, 0x40, 0x00, 0x00, 0x00, 0xFF, 0xFF,
    0xE0, 0x00, 0x40, 0x00, 0x08, 0x40, 0x00, 0x08, 0x40, 0x00, 0x08, 0x40, 0x00, 0x10, 0x7F, 0x80,
    0x18, 0x40, 0x00, 0x18, 0x40, 0x00, 0x24, 0x40, 0x00, 0x23, 0x40, 0x00, 0x41, 0xFF, 0xE0, 0x80,
    0x00, 0x00, 0x00, 0x80, 0x00, 0x00, 0xC0, 0x00, 0x00, 0x40, 0x00, 0x7F, 0xFF, 0xC0, 0x40, 0x00,
    0x40, 0x40, 0x00, 0x40, 0x1F, 0xFF, 0x00, 0x03, 0x00, 0x00, 0x0C, 0x0C, 0x00, 0x18, 0x1F, 0x00,
    0x3F, 0xF1, 0x80, 0x00, 0x40, 0x80, 0x00, 0x40, 0x00, 0x3F, 0xFF, 0x80, 0x00, 0x40, 0x00, 0x00,
    0x40, 0x00, 0x00, 0x40, 0x00, 0xFF, 0xFF, 0xE0, 0x00, 0x00, 0x80, 0x00, 0x00, 0x80, 0x7F, 0x00,
    0x80, 0x01, 0x00, 0x80, 0x41, 0x7F, 0xE0, 0x21, 0x00, 0x80, 0x32, 0x00, 0x80, 0x1A, 0x20, 0x80,
    0x0E, 0x30, 0x80, 0x0E, 0x10, 0x80, 0x06, 0x18, 0x80, 0x0F, 0x08, 0x80, 0x19, 0x00, 0x80, 0x11,
    0x80, 0x80, 0x30, 0x80, 0x80, 0x60, 0x00, 0x80, 0xC0, 0x1F, 0x00, 0x00, 0x20, 0x00, 0x00, 0x20,
    0x00, 0x00, 0x20, 0x00, 0x00, 0x20, 0x00, 0x08, 0x22, 0x00, 0x18, 0x21, 0x00, 0x10, 0x21, 0x80,
    0x10, 0x20, 0x80, 0x20, 0x20, 0xC0, 0x20, 0x20, 0x40, 0x60, 0x20, 0x20, 0x40, 0x20, 0x30, 0xC0,
    0x20, 0x10, 0x80, 0x20, 0x00, 0x00, 0x20, 0x00, 0x00, 0x20, 0x00, 0x07, 0xC0, 0x00, 0x7F, 0xFF,
    0xC0, 0x00, 0x00, 0x40, 0x00, 0x00, 0x40, 0x20, 0x00, 0x40, 0x20, 0x00, 0x40, 0x20, 0x00, 0x40,
    0x3F, 0xFF, 0xC0, 0x20, 0x00, 0x40, 0x20, 0x00, 0x00, 0x20, 0x00, 0x00, 0x20, 0x00, 0x00, 0x20,
    0x00, 0x10, 0x20, 0x00, 0x10, 0x20, 0x00, 0x10, 0x20, 0x00, 0x20, 0x1F, 0xFF, 0xC0, 0x04, 0x00,
    0x00, 0x08, 0x00, 0x00, 0x0F, 0xFF, 0xE0, 0x10, 0x10, 0x00, 0x10, 0x10, 0x00, 0x20, 0x10, 0x00,
    0x60, 0x10, 0x00, 0x4F, 0xFF, 0xE0, 0x08, 0x10, 0x00, 0x08, 0x10, 0x00, 0x08, 0x10, 0x00, 0x08,
    0x10, 0x00, 0x7F, 0xFF, 0xF0, 0x00, 0x10, 0x00, 0x00, 0x10, 0x00, 0x00, 0x10, 0x00, 0x00, 0x10,
    0x00, 0x00, 0x10, 0x00, 0x00, 0x40, 0x00, 0x00, 0x20, 0x00, 0x3F, 0xFF, 0xE0, 0x20, 0x00, 0x00,
    0x21, 0x02, 0x00, 0x3F, 0xFF, 0xE0, 0x21, 0x02, 0x00, 0x21, 0x02, 0x00, 0x21, 0xFE, 0x00, 0x21,
    0x02, 0x00, 0x20, 0x00, 0x00, 0x2F, 0xFF, 0x80, 0x22, 0x03, 0x00, 0x21, 0x8E, 0x00, 0x40, 0x78,
    0x00, 0x40, 0xF8, 0x00, 0xC3, 0x87, 0x00, 0x9C, 0x00, 0xE0, 0x7F, 0xFF, 0xE0, 0x02, 0x02, 0x00,
    0x02, 0x02, 0x00, 0x02, 0x02, 0x00, 0x02, 0x02, 0x00, 0x02, 0x02, 0x00, 0x02, 0x02, 0x00, 0xFF,
    0xFF, 0xF0, 0x02, 0x02, 0x00, 0x02, 0x02, 0x00, 0x02, 0x02, 0x00, 0x02, 0x02, 0x00, 0x04, 0x02,
    0x00, 0x04, 0x02, 0x00, 0x08, 0x02, 0x00, 0x30, 0x02, 0x00, 0x60, 0x02, 0x00, 0x00, 0x0F, 0xC0,
    0x7F, 0xF0, 0x00, 0x00, 0x40, 0x00, 0x00, 0x40, 0x00, 0x00, 0x40, 0x00, 0x7F, 0xFF, 0xC0, 0x00,
    0x40, 0x00, 0x00, 0x40, 0x00, 0x00, 0x40, 0x00, 0x00, 0x40, 0x00, 0xFF, 0xFF, 0xF0, 0x00, 0x40,
    0x00, 0x00, 0x40, 0x00, 0x00, 0x40, 0x00, 0x00, 0x40, 0x00, 0x00, 0x40, 0x00, 0x0F, 0x80, 0x00,
    0x10, 0x10, 0x00, 0x10, 0x0C, 0x00, 0x10, 0x06, 0x00, 0x11, 0xFF, 0xE0, 0xFD, 0x00, 0x20, 0x11,
    0x08, 0x20, 0x10, 0x10, 0x00, 0x10, 0x10, 0x00, 0x1D, 0xFF, 0xE0, 0x30, 0x60, 0x80, 0xD0, 0x40,
    0x80, 0x10, 0xC1, 0x00, 0x10, 0x61, 0x00, 0x10, 0x1E, 0x00, 0x10, 0x0E, 0x00, 0x10, 0x3B, 0x00,
    0x10, 0xC0, 0xC0, 0xE7, 0x00, 0x60, 0x00, 0x00, 0x00, 0x10, 0x10, 0x00, 0x10, 0x20, 0x00, 0x10,
    0x3F, 0x80, 0x10, 0x41, 0x00, 0x7E, 0x82, 0x00, 0x11, 0x04, 0x00, 0x11, 0xFF, 0xC0, 0x10, 0x88,
    0x40, 0x1E, 0x88, 0x40, 0x30, 0x88, 0x40, 0x50, 0x88, 0x40, 0x10, 0x88, 0x40, 0x13, 0xFF, 0xF0,
    0x10, 0x0C, 0x00, 0x10, 0x1A, 0x00, 0x10, 0x33, 0x00, 0x11, 0xC0, 0x80, 0x77, 0x00, 0x70, 0x00,
    0x00, 0x00, 0x10, 0x00, 0x00, 0x11, 0xFF, 0xC0, 0x11, 0x00, 0x40, 0x11, 0x00, 0x40, 0xFD, 0x00,
    0x40, 0x11, 0xFF, 0xC0, 0x11, 0x04, 0x40, 0x11, 0x04, 0x00, 0x15, 0xFF, 0xE0, 0x39, 0x04, 0x00,
    0xD1, 0x04, 0x00, 0x11, 0x04, 0x00, 0x11, 0x7F, 0xC0, 0x11, 0x40, 0x40, 0x12, 0x40, 0x40, 0x12,
    0x40, 0x40, 0x16, 0x7F, 0xC0, 0xE4, 0x40, 0x40, 0x00, 0x00, 0x00, 0x10, 0x08, 0x00, 0x10, 0x0C,
    0x00, 0x11, 0xFF, 0xF0, 0x10, 0x40, 0x40, 0xFE, 0x20, 0xC0, 0x10, 0x30, 0x80, 0x10, 0x11, 0x00,
    0x13, 0xFF, 0xF0, 0x14, 0x08, 0x00, 0x38, 0x10, 0x00, 0xD3, 0xFF, 0xF0, 0x10, 0x60, 0x80, 0x10,
    0xC1, 0x00, 0x10, 0x73, 0x00, 0x10, 0x0E, 0x00, 0x10, 0x1F, 0x80, 0x10, 0xE0, 0xE0, 0xE7, 0x00,
    0x30, 0x00, 0x00, 0x00, 0x10, 0x24, 0x00, 0x10, 0x62, 0x00, 0x10, 0xC1, 0x00, 0xFD, 0xFF, 0xF8,
    0x13, 0x82, 0x00, 0x17, 0x82, 0x00, 0x12, 0x82, 0x00, 0x10, 0xFF, 0xF0, 0x16, 0x82, 0x00, 0x38,
    0x82, 0x00, 0xD0, 0x82, 0x00, 0x10, 0xFF, 0xF0, 0x10, 0x82, 0x00, 0x10, 0x82, 0x00, 0x10, 0x82,
    0x00, 0x10, 0x82, 0x00, 0x10, 0xFF, 0xF8, 0xF0, 0x80, 0x00, 0x00, 0x00, 0x00, 0x10, 0x03, 0xC0,
    0x11, 0xFC, 0x00, 0x10, 0x88, 0x40, 0xFE, 0xC8, 0x80, 0x10, 0x49, 0x00, 0x13, 0xFF, 0xF0, 0x10,
    0x1A, 0x00, 0x14, 0x29, 0x00, 0x18, 0xC8, 0xC0, 0x71, 0x00, 0x30, 0x97, 0xFF, 0xC0, 0x11, 0x08,
    0x40, 0x11, 0x08, 0x40, 0x11, 0xFF, 0xC0, 0x11, 0x08, 0x40, 0x11, 0x08, 0x40, 0x11, 0xFF, 0xC0,
    0xE1, 0x00, 0x40, 0x00, 0x00, 0x00, 0x08, 0x08, 0x00, 0x08, 0x08, 0x00, 0x04, 0x18, 0x00, 0x00,
    0x10, 0x00, 0xFF, 0xDF, 0xE0, 0x10, 0x30, 0x80, 0x10, 0x30, 0x80, 0x10, 0x70, 0x80, 0x1F, 0x50,
    0x80, 0x11, 0x19, 0x00, 0x11, 0x19, 0x00, 0x11, 0x09, 0x00, 0x11, 0x0F, 0x00, 0x11, 0x0E, 0x00,
    0x21, 0x06, 0x00, 0x21, 0x0B, 0x00, 0x21, 0x31, 0x80, 0x41, 0x60, 0xC0, 0x4E, 0xC0, 0x60, 0x80,
    0x00, 0x00, 0x04, 0x04, 0x00, 0x44, 0x44, 0x00, 0x24, 0x8C, 0x00, 0x15, 0x08, 0x00, 0x04, 0x0F,
    0xE0, 0xFF, 0xD8, 0x40, 0x0C, 0x18, 0x40, 0x1E, 0x38, 0x40, 0x75, 0x28, 0x40, 0xC4, 0x8C, 0x80,
    0x08, 0x0C, 0x80, 0x18, 0x04, 0x80, 0xFF, 0x87, 0x80, 0x20, 0x87, 0x00, 0x61, 0x03, 0x00, 0x39,
    0x07, 0x80, 0x0E, 0x0D, 0x80, 0x0F, 0x18, 0xC0, 0x31, 0xB0, 0x60, 0xC0, 0x60, 0x30, 0x00, 0x40,
    0x00, 0x00, 0x60, 0x00, 0x00, 0x20, 0x00, 0xFF, 0xFF, 0xF0, 0x08, 0x01, 0x00, 0x08, 0x01, 0x00,
    0x08, 0x02, 0x00, 0x04, 0x02, 0x00, 0x04, 0x04, 0x00, 0x02, 0x04, 0x00, 0x03, 0x08, 0x00, 0x01,
    0x90, 0x00, 0x00, 0xE0, 0x00, 0x00, 0xF0, 0x00, 0x01, 0x98, 0x00, 0x06, 0x0E, 0x00, 0x38, 0x01,
    0xC0, 0xE0, 0x00, 0x70, 0x3F, 0xFF, 0x80, 0x00, 0x40, 0x00, 0x00, 0x40, 0x00, 0x00, 0x40, 0x00,
    0x00, 0x40, 0x00, 0x00, 0x80, 0x00, 0xFF, 0xFF, 0xE0, 0x00, 0x80, 0x00, 0x00, 0x90, 0x00, 0x01,
    0x10, 0x00, 0x01, 0x10, 0x00, 0x02, 0x10, 0x00, 0x06, 0x10, 0x20, 0x04, 0x10, 0x20, 0x08, 0x10,
    0x20, 0x10, 0x10, 0x20, 0x60, 0x0F, 0xC0, 0xC0, 0x00, 0x00, 0x1F, 0xFF, 0x00, 0x10, 0x01, 0x00,
    0x10, 0x01, 0x00, 0x10, 0x01, 0x00, 0x10, 0x01, 0x00, 0x10, 0x01, 0x00, 0x10, 0x01, 0x00, 0x1F,
    0xFF, 0x00, 0x10, 0x01, 0x00, 0x10, 0x01, 0x00, 0x10, 0x01, 0x00, 0x10, 0x01, 0x00, 0x10, 0x01,
    0x00, 0x10, 0x01, 0x00, 0x10, 0x01, 0x00, 0x1F, 0xFF, 0x00, 0x10, 0x01, 0x00, 0x00, 0x01, 0x00,
    0x00, 0x01, 0x00, 0x7E, 0x01, 0x00, 0x42, 0x01, 0x00, 0x42, 0xFF, 0xE0, 0x42, 0x01, 0x00, 0x42,
    0x01, 0x00, 0x42, 0x41, 0x00, 0x7E, 0x41, 0x00, 0x42, 0x21, 0x00, 0x42, 0x21, 0x00, 0x42, 0x11,
    0x00, 0x42, 0x11, 0x00, 0x42, 0x01, 0x00, 0x42, 0x01, 0x00, 0x7E, 0x01, 0x00, 0x42, 0x01, 0x00,
    0x00, 0x3E, 0x00, 0x1F, 0xFF, 0x80, 0x10, 0x00, 0x80, 0x10, 0x00, 0x80, 0x1F, 0xFF, 0x80, 0x10,
    0x00, 0x80, 0x10, 0x00, 0x80, 0x1F, 0xFF, 0x80, 0x08, 0x00, 0x80, 0x18, 0x20, 0x00, 0x1F, 0xFF,
    0xC0, 0x30, 0x20, 0x00, 0x20, 0x20, 0x00, 0x4F, 0xFF, 0xC0, 0x00, 0x20, 0x00, 0x00, 0x20, 0x00,
    0x7F, 0xFF, 0xE0, 0x1F, 0xFF, 0x00, 0x10, 0x01, 0x00, 0x10, 0x01, 0x00, 0x1F, 0xFF, 0x00, 0x10,
    0x01, 0x00, 0x10, 0x01, 0x00, 0x1F, 0xFF, 0x00, 0x10, 0x01, 0x00, 0x00, 0x00, 0x00, 0x7F, 0xFF,
    0xE0, 0x00, 0x40, 0x00, 0x08, 0x40, 0x00, 0x18, 0x7F, 0x80, 0x18, 0x40, 0x00, 0x3E, 0x40, 0x00,
    0x63, 0xFF, 0xE0, 0xC0, 0x00, 0x00, 0x08, 0x00, 0x00, 0x18, 0x00, 0xE0, 0xFF, 0xDF, 0x00, 0x20,
    0x10, 0x00, 0x64, 0x10, 0x00, 0x7F, 0x9F, 0xE0, 0x04, 0x11, 0x00, 0x07, 0x91, 0x00, 0xFC, 0x21,
    0x00, 0x04, 0x21, 0x00, 0x00, 0x40, 0x00, 0x1F, 0xFF, 0x00, 0x10, 0x01, 0x00, 0x10, 0x01, 0x00,
    0x1F, 0xFF, 0x00, 0x10, 0x01, 0x00, 0x10, 0x01, 0x00, 0x1F, 0xFF, 0x00, 0x10, 0x01, 0x00, 0x01,
    0x08, 0x00, 0x01, 0x08, 0x00, 0x01, 0x08, 0x00, 0x3F, 0xFF, 0xC0, 0x21, 0x08, 0x40, 0x21, 0x08,
    0x40, 0x21, 0x08, 0x40, 0x21, 0x08, 0x40, 0x21, 0x08, 0x40, 0x3F, 0xFF, 0xC0, 0x21, 0x08, 0x40,
    0x21, 0x08, 0x40, 0x21, 0x08, 0x40, 0x21, 0x08, 0x40, 0x21, 0x08, 0x40, 0x21, 0x08, 0x40, 0x3F,
    0xFF, 0xC0, 0x20, 0x00, 0x40, 0x0F, 0xFF, 0x00, 0x08, 0x01, 0x00, 0x08, 0x01, 0x00, 0x08, 0x01,
    0x00, 0x08, 0x01, 0x00, 0x0F, 0xFF, 0x00, 0x08, 0x01, 0x00, 0x08, 0x01, 0x00, 0x08, 0x01, 0x00,
    0x08, 0x01, 0x00, 0x0F, 0xFF, 0x00, 0x08, 0x01, 0x00, 0x18, 0x01, 0x00, 0x10, 0x01, 0x00, 0x30,
    0x01, 0x00, 0x60, 0x01, 0x00, 0x40, 0x1E, 0x00, 0x00, 0x80, 0x00, 0x01, 0x00, 0x00, 0x01, 0x00,
    0x00, 0x7F, 0xFF, 0xE0, 0x02, 0x00, 0x00, 0x06, 0x00, 0x00, 0x0C, 0x00, 0x00, 0x0F, 0xFF, 0x80,
    0x18, 0x00, 0x80, 0x38, 0x00, 0x80, 0x6F, 0xFF, 0x80, 0xC8, 0x00, 0x80, 0x08, 0x00, 0x80, 0x08,
    0x00, 0x80, 0x0F, 0xFF, 0x80, 0x08, 0x00, 0x80, 0x08, 0x00, 0x80, 0x08, 0x00, 0x80, 0x08, 0x1F,
    0x00, 0x20, 0x80, 0x00, 0x20, 0x8F, 0xC0, 0x20, 0x88, 0x40, 0xFF, 0xE8, 0x40, 0x20, 0x88, 0x40,
    0x20, 0x88, 0x40, 0x3F, 0x8F, 0xC0, 0x20, 0x88, 0x40, 0x20, 0x88, 0x40, 0x3F, 0x88, 0x40, 0x20,
    0x88, 0x40, 0x20, 0x8F, 0xC0, 0xFF, 0xC8, 0x40, 0x12, 0x18, 0x40, 0x21, 0x90, 0x40, 0x61, 0x30,
    0x40, 0xC0, 0x63, 0xC0, 0x00, 0x40, 0x00, 0x00, 0x40, 0x00, 0x00, 0x40, 0x00, 0x00, 0x40, 0x00,
    0x00, 0x40, 0x00, 0x7F, 0xFF, 0xC0, 0x00, 0x40, 0x00, 0x00, 0x40, 0x00, 0x00, 0x40, 0x00, 0x00,
    0x40, 0x00, 0xFF, 0xFF, 0xE0, 0x00, 0xE0, 0x00, 0x01, 0xF0, 0x00, 0x03, 0x50, 0x00, 0x06, 0x48,
    0x00, 0x0C, 0x46, 0x00, 0x18, 0x43, 0x00, 0x60, 0x41, 0xC0, 0xC0, 0x40, 0x60, 0x00, 0x40, 0x00,
    0x00, 0x40, 0x00, 0x00, 0x40, 0x00, 0x00, 0x40, 0x00, 0x00, 0x40, 0x00, 0x00, 0x40, 0x00, 0xFF,
    0xFF, 0xE0, 0x00, 0xE0, 0x00, 0x01, 0xE0, 0x00, 0x01, 0x50, 0x00, 0x02, 0x58, 0x00, 0x06, 0x4C,
    0x00, 0x0C, 0x44, 0x00, 0x18, 0x42, 0x00, 0x30, 0x41, 0x80, 0xE0, 0x40, 0xC0, 0x8F, 0xFE, 0x60,
    0x00, 0x40, 0x00, 0x00, 0x40, 0x00, 0x00, 0x40, 0x00, 0x00, 0x40, 0x00, 0x00, 0x40, 0x00, 0x00,
    0x40, 0x00, 0x00, 0x40, 0x00, 0x7F, 0xFF, 0xE0, 0x00, 0x40, 0x00, 0x10, 0x40, 0x80, 0x0C, 0x41,
    0x80, 0x06, 0x42, 0x00, 0x02, 0x44, 0x00, 0x00, 0x40, 0x00, 0xFF, 0xFF, 0xF0, 0x00, 0xE0, 0x00,
    0x01, 0x50, 0x00, 0x02, 0x48, 0x00, 0x0C, 0x46, 0x00, 0x18, 0x43, 0x00, 0x70, 0x40, 0xC0, 0xC0,
    0x40, 0x30, 0x00, 0x40, 0x00, 0x00, 0x40, 0x00, 0x10, 0x12, 0x00, 0x10, 0x33, 0x00, 0x10, 0x21,
    0x00, 0xFE, 0x60, 0x80, 0x10, 0x40, 0xC0, 0x10, 0x80, 0x40, 0x31, 0x80, 0x20, 0x39, 0x04, 0x10,
    0x74, 0x08, 0x00, 0xD2, 0x08, 0x00, 0xD0, 0x10, 0x00, 0x90, 0x21, 0x00, 0x10, 0x20, 0x80, 0x10,
    0x40, 0x80, 0x10, 0xFF, 0xC0, 0x11, 0xE0, 0x60, 0x10, 0x00, 0x20, 0x00, 0x20, 0x00, 0x00, 0x20,
    0x00, 0x00, 0x20, 0x00, 0x00, 0x20, 0x00, 0x08, 0x20, 0x00, 0x08, 0x20, 0x00, 0x08, 0x3F, 0xC0,
    0x08, 0x20, 0x00, 0x08, 0x20, 0x00, 0x08, 0x20, 0x00, 0x08, 0x20, 0x00, 0x08, 0x20, 0x00, 0x08,
    0x20, 0x00, 0x08, 0x20, 0x00, 0x08, 0x20, 0x00, 0x08, 0x20, 0x00, 0x08, 0x20, 0x00, 0x7F, 0xFF,
    0xE0, 0x7F, 0xFF, 0xE0, 0x00, 0x20, 0x00, 0x00, 0x20, 0x00, 0x00, 0x20, 0x00, 0x10, 0x20, 0x00,
    0x10, 0x20, 0x00, 0x10, 0x20, 0x00, 0x10, 0x3F, 0xE0, 0x10, 0x20, 0x00, 0x10, 0x20, 0x00, 0x10,
    0x20, 0x00, 0x10, 0x20, 0x00, 0x10, 0x20, 0x00, 0x10, 0x20, 0x00, 0x10, 0x20, 0x00, 0xFF, 0xFF,
    0xF0, 0x00, 0x20, 0x00, 0x00, 0x20, 0x00, 0x08, 0x20, 0x00, 0x08, 0x3F, 0xC0, 0x08, 0x20, 0x00,
    0x08, 0x20, 0x00, 0x08, 0x20, 0x00, 0x7F, 0xFF, 0xE0, 0x00, 0x00, 0x00, 0x00, 0x20, 0x00, 0x04,
    0x20, 0x40, 0x08, 0x20, 0x80, 0x10, 0x21, 0x00, 0x30, 0x22, 0x00, 0x60, 0x0C, 0x00, 0x00, 0x30,
    0x00, 0x00, 0xE0, 0x00, 0x0F, 0x00, 0x00, 0x70, 0x00, 0x00, 0x20, 0x08, 0x00, 0x70, 0x08, 0x00,
    0x1D, 0x08, 0x00, 0x09, 0x09, 0xC0, 0x41, 0x1E, 0x40, 0xE1, 0xE8, 0x40, 0x77, 0x08, 0x40, 0x21,
    0x08, 0x40, 0x01, 0x08, 0x40, 0x01, 0x08, 0x40, 0x11, 0x0B, 0x80, 0x11, 0x08, 0x00, 0x21, 0x08,
    0x20, 0x21, 0x08, 0x20, 0x21, 0x00, 0x20, 0x41, 0x00, 0x40, 0x40, 0xFF, 0xC0, 0x20, 0x00, 0x00,
    0x70, 0x7F, 0x80, 0x1C, 0x40, 0x80, 0x08, 0x40, 0x80, 0x20, 0xC0, 0x80, 0x71, 0x80, 0xF0, 0x3B,
    0x00, 0x00, 0x10, 0x00, 0x00, 0x01, 0xFF, 0xC0, 0x08, 0x40, 0x40, 0x18, 0x60, 0x80, 0x10, 0x21,
    0x00, 0x10, 0x12, 0x00, 0x20, 0x1C, 0x00, 0x20, 0x3F, 0x00, 0x60, 0xE1, 0xC0, 0x47, 0x00, 0x70,
    0x00, 0x20, 0x00, 0x20, 0x30, 0x00, 0x70, 0x18, 0x00, 0x3F, 0xFF, 0xC0, 0x10, 0x60, 0x00, 0x00,
    0xC2, 0x00, 0xC1, 0x83, 0x00, 0x63, 0x01, 0x80, 0x37, 0xFF, 0xC0, 0x00, 0x00, 0x40, 0x01, 0x12,
    0x00, 0x11, 0x12, 0x00, 0x11, 0x12, 0x00, 0x21, 0x12, 0x00, 0x21, 0x12, 0x20, 0x22, 0x12, 0x20,
    0x26, 0x12, 0x20, 0x4C, 0x12, 0x20, 0x58, 0x11, 0xC0, 0x20, 0x00, 0x00, 0x71, 0xFF, 0x80, 0x1D,
    0x00, 0x80, 0x09, 0x00, 0x80, 0x01, 0xFF, 0x80, 0x41, 0x00, 0x80, 0xE1, 0x00, 0x80, 0x71, 0xFF,
    0x80, 0x21, 0x00, 0x80, 0x00, 0x00, 0x00, 0x03, 0xFF, 0xC0, 0x12, 0x24, 0x40, 0x12, 0x24, 0x40,
    0x22, 0x24, 0x40, 0x22, 0x24, 0x40, 0x22, 0x24, 0x40, 0x4F, 0xFF, 0xE0, 0x40, 0x00, 0x00, 0x40,
    0x00, 0x00, 0x71, 0xFF, 0xC0, 0x39, 0x00, 0x40, 0x11, 0x00, 0x40, 0x01, 0xFF, 0xC0, 0x21, 0x00,
    0x40, 0x71, 0x00, 0x40, 0x39, 0xFF, 0xC0, 0x11, 0x00, 0x40, 0x00, 0x22, 0x00, 0x02, 0x22, 0x20,
    0x12, 0x22, 0x20, 0x13, 0x22, 0x40, 0x21, 0x22, 0xC0, 0x21, 0x22, 0x80, 0x20, 0x22, 0x00, 0x47,
    0xFF, 0xE0, 0x40, 0x00, 0x00, 0x60, 0x00, 0x00, 0x39, 0xFF, 0xF0, 0x0D, 0x02, 0x00, 0x01, 0x3F,
    0xE0, 0x01, 0x20, 0x20, 0x61, 0x20, 0x20, 0x31, 0x3F, 0xE0, 0x19, 0x20, 0x20, 0x01, 0x20, 0x20,
    0x01, 0x3F, 0xE0, 0x11, 0x22, 0x20, 0x11, 0x02, 0x00, 0x23, 0x12, 0x80, 0x22, 0x32, 0x40, 0x22,
    0x62, 0x60, 0x26, 0x42, 0x30, 0x4C, 0x82, 0x10, 0x44, 0x1C, 0x00, 0x60, 0x41, 0x00, 0x30, 0x41,
    0x00, 0x1F, 0xFF, 0xF0, 0x00, 0x41, 0x00, 0x00, 0x41, 0x00, 0x40, 0x00, 0x00, 0x67, 0xFF, 0xF0,
    0x30, 0x22, 0x00, 0x23, 0xFF, 0xE0, 0x02, 0x22, 0x20, 0x02, 0x22, 0x20, 0x12, 0x66, 0x20, 0x12,
    0x55, 0xA0, 0x22, 0xD5, 0xE0, 0x23, 0x88, 0xE0, 0x23, 0x10, 0x20, 0x42, 0x00, 0x20, 0x42, 0x03,
    0xC0, 0x00, 0x80, 0x00, 0x00, 0x80, 0x00, 0x7F, 0xFF, 0x80, 0x40, 0x80, 0x80, 0x40, 0x80, 0x80,
    0x40, 0x80, 0x80, 0x40, 0x80, 0x80, 0x7F, 0xFF, 0x80, 0x40, 0x80, 0x80, 0x40, 0x80, 0x80, 0x40,
    0x80, 0x80, 0x40, 0x80, 0x80, 0x7F, 0xFF, 0x80, 0x40, 0x80, 0x20, 0x00, 0x80, 0x20, 0x00, 0x80,
    0x60, 0x00, 0x7F, 0xC0, 0x08, 0x08, 0x00, 0x10, 0x10, 0x00, 0x7F, 0x1F, 0xC0, 0x41, 0x20, 0x40,
    0x41, 0x20, 0x40, 0x41, 0x40, 0x40, 0x41, 0x50, 0x40, 0x41, 0x18, 0x40, 0x41, 0x08, 0x40, 0x7F,
    0x0C, 0x40, 0x41, 0x04, 0x40, 0x41, 0x02, 0x40, 0x41, 0x02, 0x40, 0x41, 0x00, 0x40, 0x41, 0x00,
    0x40, 0x41, 0x00, 0x40, 0x7F, 0x00, 0xC0, 0x41, 0x1F, 0x80, 0x08, 0x00, 0x00, 0x08, 0x7F, 0xC0,
    0x08, 0x40, 0x40, 0x08, 0x40, 0x40, 0x7F, 0x40, 0x40, 0x08, 0x40, 0x40, 0x08, 0x7F, 0xC0, 0x1C,
    0x40, 0x40, 0x1E, 0x40, 0x40, 0x2B, 0x40, 0x40, 0x29, 0x40, 0x40, 0x68, 0x7F, 0xC0, 0x48, 0x40,
    0x40, 0x08, 0x40, 0x40, 0x08, 0x40, 0x40, 0x08, 0x40, 0x40, 0x08, 0x7F, 0xC0, 0x08, 0x40, 0x40,
    0x20, 0x00, 0x00, 0x20, 0x00, 0x00, 0x60, 0x3F, 0xC0, 0x7F, 0xA0, 0x40, 0x48, 0x20, 0x40, 0xC8,
    0x20, 0x40, 0x88, 0x20, 0x40, 0x08, 0x20, 0x40, 0x08, 0x20, 0x40, 0xFF, 0xA0, 0x40, 0x08, 0x20,
    0x40, 0x08, 0x20, 0x40, 0x0C, 0x20, 0x40, 0x0E, 0x20, 0x40, 0x12, 0x20, 0x40, 0x11, 0x20, 0x40,
    0x21, 0xBF, 0xC0, 0x20, 0xA0, 0x40, 0x40, 0x20, 0x40, 0xC0, 0x00, 0x00, 0x04, 0x0B, 0x00, 0x08,
    0x08, 0xC0, 0x08, 0x08, 0x00, 0x11, 0x0F, 0xE0, 0x33, 0xFC, 0x00, 0x62, 0x08, 0x00, 0x7C, 0x08,
    0x00, 0x0C, 0x08, 0x00, 0x08, 0x0F, 0xF0, 0x10, 0xFC, 0x00, 0x20, 0x0C, 0x00, 0x7E, 0x0C, 0x20,
    0x70, 0x04, 0xC0, 0x00, 0x05, 0x80, 0x03, 0x07, 0x10, 0x1C, 0x0F, 0x10, 0x60, 0x73, 0xA0, 0x01,
    0xC0, 0xE0, 0x08, 0x02, 0x00, 0x18, 0x82, 0x00, 0x10, 0xA2, 0x20, 0x30, 0x92, 0x40, 0x22, 0x9A,
    0x40, 0x64, 0x8A, 0x80, 0x7C, 0x82, 0x00, 0x08, 0xBF, 0xF0, 0x10, 0x86, 0x00, 0x20, 0x87, 0x80,
    0x7E, 0x8A, 0xC0, 0x00, 0x92, 0x60, 0x00, 0xA2, 0x20, 0x00, 0xC2, 0x00, 0x0E, 0x82, 0x00, 0x70,
    0x80, 0x00, 0x00, 0xFF, 0xF0, 0x08, 0x08, 0x00, 0x18, 0x08, 0x00, 0x10, 0xFF, 0xC0, 0x12, 0x08,
    0x00, 0x26, 0x08, 0x00, 0x24, 0x08, 0x00, 0x65, 0xFF, 0xE0, 0x78, 0x00, 0x60, 0x18, 0x64, 0x40,
    0x10, 0x34, 0xC0, 0x30, 0x9C, 0x80, 0x60, 0x44, 0x00, 0x7E, 0x24, 0x00, 0x00, 0x04, 0x00, 0x00,
    0xFF, 0xE0, 0x00, 0x0E, 0x00, 0x0E, 0x0B, 0x00, 0x70, 0x31, 0x80, 0x00, 0x60, 0xC0, 0x01, 0x80,
    0x60, 0x3F, 0xFF, 0xC0, 0x21, 0x08, 0x40, 0x21, 0x08, 0x40, 0x3F, 0xFF, 0xC0, 0x00, 0x40, 0x00,
    0x7F, 0xFF, 0xE0, 0x00, 0x40, 0x00, 0x1F, 0xFF, 0x80, 0x10, 0x00, 0x80, 0x1F, 0xFF, 0x80, 0x10,
    0x00, 0x80, 0x1F, 0xFF, 0x80, 0x10, 0x00, 0x80, 0x1F, 0xFF, 0x80, 0x10, 0x00, 0x80, 0xFF, 0xFF,
    0xF0, 0x00, 0x08, 0x00, 0x7C, 0x0C, 0x00, 0x44, 0x04, 0x00, 0x45, 0xFF, 0xE0, 0x44, 0x00, 0x00,
    0x44, 0x21, 0x00, 0x7C, 0x33, 0x40, 0x44, 0x92, 0x40, 0x44, 0x9E, 0x40, 0x44, 0x8C, 0x40, 0x44,
    0x8C, 0x40, 0x7C, 0x8C, 0x40, 0x44, 0x92, 0x40, 0x44, 0xB3, 0x40, 0x44, 0xA1, 0x40, 0x44, 0x80,
    0x40, 0x84, 0xFF, 0xC0, 0xBC, 0x00, 0x40, 0x00, 0x00, 0x00, 0x00, 0x80, 0x00, 0x01, 0x80, 0x00,
    0x01, 0x00, 0x00, 0x3F, 0xFF, 0x80, 0x20, 0x00, 0x80, 0x20, 0x00, 0x80, 0x20, 0x00, 0x80, 0x20,
    0x00, 0x80, 0x3F, 0xFF, 0x80, 0x20, 0x00, 0x80, 0x20, 0x00, 0x80, 0x20, 0x00, 0x80, 0x3F, 0xFF,
    0x80, 0x20, 0x00, 0x80, 0x20, 0x00, 0x80, 0x20, 0x00, 0x80, 0x20, 0x00, 0x80, 0x3F, 0xFF, 0x80,
    0x20, 0x00, 0x80, 0x20, 0x7F, 0x80, 0x10, 0x40, 0x80, 0x0C, 0x40, 0x80, 0x04, 0x40, 0x80, 0x00,
    0x80, 0x80, 0x01, 0x80, 0xF0, 0x73, 0x00, 0x00, 0x10, 0x00, 0x00, 0x11, 0xFF, 0xC0, 0x10, 0x40,
    0x40, 0x10, 0x40, 0x80, 0x10, 0x21, 0x80, 0x10, 0x33, 0x00, 0x12, 0x1E, 0x00, 0x1E, 0x1E, 0x00,
    0x3C, 0x73, 0x00, 0x13, 0xC1, 0xC0, 0x0E, 0x00, 0x70, 0x00, 0xC1, 0x00, 0x60, 0x63, 0x00, 0x33,
    0xFF, 0xE0, 0x10, 0x22, 0x00, 0x03, 0x22, 0x60, 0x01, 0xA2, 0xC0, 0xF0, 0x22, 0x00, 0x37, 0xFF,
    0xF0, 0x30, 0x00, 0x00, 0x30, 0x00, 0x00, 0x31, 0xFF, 0xC0, 0x31, 0x80, 0xC0, 0x31, 0x80, 0xC0,
    0x35, 0xFF, 0xC0, 0x3D, 0x80, 0xC0, 0x39, 0x80, 0xC0, 0x31, 0x80, 0xC0, 0x01, 0xFF, 0xC0, 0x40,
    0x00, 0x00, 0x67, 0xFF, 0xE0, 0x30, 0x08, 0x00, 0x10, 0x10, 0x00, 0x00, 0x10, 0x00, 0x00, 0x10,
    0x00, 0xE0, 0x3C, 0x00, 0x20, 0x56, 0x00, 0x20, 0xD3, 0x00, 0x21, 0x91, 0x80, 0x23, 0x10, 0xC0,
    0x26, 0x10, 0x60, 0x2C, 0x10, 0x00, 0x20, 0x10, 0x00, 0x20, 0x10, 0x00, 0x70, 0x10, 0x00, 0xD8,
    0x00, 0x00, 0x8F, 0xFF, 0xE0, 0x00, 0x00, 0x00, 0x40, 0x20, 0x00, 0x60, 0x20, 0x00, 0x20, 0x40,
    0x00, 0x37, 0xFF, 0xC0, 0x10, 0x80, 0x00, 0x00, 0x88, 0x00, 0x01, 0x08, 0x00, 0xE1, 0x08, 0x00,
    0x22, 0x08, 0x00, 0x23, 0xFF, 0xC0, 0x20, 0x08, 0x00, 0x20, 0x08, 0x00, 0x20, 0x08, 0x00, 0x27,
    0xFF, 0xE0, 0x20, 0x08, 0x00, 0x20, 0x08, 0x00, 0x70, 0x08, 0x00, 0xD8, 0x00, 0x00, 0x87, 0xFF,
    0xE0, 0x06, 0x00, 0x00, 0x03, 0x07, 0xE0, 0x7F, 0xF4, 0x20, 0x20, 0x44, 0x40, 0x10, 0xC4, 0x40,
    0x18, 0x84, 0x80, 0x09, 0x05, 0x00, 0x7F, 0xF5, 0x00, 0x00, 0x04, 0x80, 0x00, 0x04, 0x40, 0x3F,
    0xC4, 0x20, 0x20, 0x44, 0x20, 0x20, 0x44, 0x20, 0x20, 0x44, 0x20, 0x20, 0x44, 0x20, 0x20, 0x47,
    0xC0, 0x3F, 0xC4, 0x00, 0x20, 0x44, 0x00, 0x20, 0x44, 0x00, 0x1F, 0xFF, 0x00, 0x10, 0x01, 0x00,
    0x1F, 0xFF, 0x00, 0x10, 0x01, 0x00, 0x1F, 0xFF, 0x00, 0x00, 0x00, 0x00, 0xFF, 0xFF, 0xE0, 0x00,
    0x00, 0x00, 0x1F, 0xFF, 0x00, 0x10, 0x41, 0x00, 0x1F, 0xFF, 0x00, 0x10, 0x41, 0x00, 0x1F, 0xFF,
    0x00, 0x00, 0x40, 0x00, 0x7F, 0xFF, 0xC0, 0x00, 0x40, 0x00, 0xFF, 0xFF, 0xE0, 0x08, 0x00, 0x00,
    0x08, 0x03, 0x00, 0x08, 0x06, 0x00, 0x08, 0x0C, 0x00, 0x08, 0x30, 0x00, 0x08, 0xC0, 0x00, 0x0B,
    0x00, 0x00, 0x08, 0x00, 0x00, 0x7F, 0xFF, 0xC0, 0x08, 0x40, 0x00, 0x08, 0x40, 0x00, 0x08, 0x20,
    0x00, 0x08, 0x10, 0x00, 0x08, 0x18, 0x00, 0x08, 0x0C, 0x00, 0x08, 0x46, 0x00, 0x0B, 0x81, 0x80,
    0x0E, 0x00, 0x60, 0x18, 0x00, 0x00, 0x20, 0x00, 0x00, 0x19, 0xFF, 0xC0, 0x08, 0x00, 0x40, 0x40,
    0x00, 0x40, 0x40, 0x00, 0x40, 0x43, 0xFC, 0x40, 0x42, 0x04, 0x40, 0x42, 0x04, 0x40, 0x42, 0x04,
    0x40, 0x43, 0xFC, 0x40, 0x42, 0x04, 0x40, 0x42, 0x04, 0x40, 0x42, 0x04, 0x40, 0x43, 0xFC, 0x40,
    0x42, 0x00, 0x40, 0x40, 0x00, 0x40, 0x40, 0x00, 0x40, 0x40, 0x07, 0x80, 0x00, 0x40, 0x00, 0x00,
    0x60, 0x00, 0x3F, 0xFF, 0xC0, 0x04, 0x04, 0x00, 0x06, 0x04, 0x00, 0x02, 0x08, 0x00, 0x7F, 0xFF,
    0xE0, 0x00, 0x00, 0x00, 0x00, 0x00, 0x00, 0x1F, 0xFF, 0x80, 0x10, 0x00, 0x80, 0x10, 0x00, 0x80,
    0x1F, 0xFF, 0x80, 0x10, 0x00, 0x80, 0x10, 0x00, 0x80, 0x10, 0x00, 0x80, 0x1F, 0xFF, 0x80, 0x10,
    0x00, 0x80, 0x7F, 0xFF, 0xE0, 0x00, 0x20, 0x00, 0x00, 0x20, 0x00, 0x00, 0x40, 0x00, 0x1F, 0xFF,
    0x80, 0x10, 0x00, 0x80, 0x10, 0x40, 0x80, 0x10, 0x40, 0x80, 0x10, 0x40, 0x80, 0x10, 0x40, 0x80,
    0x10, 0x40, 0x80, 0x10, 0x40, 0x80, 0x10, 0xE0, 0x80, 0x10, 0xB8, 0x80, 0x01, 0x0E, 0x00, 0x06,
    0x03, 0x00, 0x18, 0x01, 0xC0, 0xE0, 0x00, 0x60, 0x04, 0x00, 0x00, 0x04, 0x7F, 0xE0, 0x24, 0x04,
    0x00, 0x27, 0x84, 0x00, 0x24, 0x04, 0x00, 0x24, 0x3F, 0xC0, 0x24, 0x20, 0x40, 0xFF, 0xA4, 0x40,
    0x00, 0x24, 0x40, 0x04, 0x24, 0x40, 0x24, 0x24, 0x40, 0x24, 0xA4, 0x40, 0x45, 0xA4, 0x40, 0x45,
    0x24, 0x40, 0x86, 0x2C, 0x40, 0x84, 0x1F, 0x00, 0x18, 0x31, 0x80, 0x30, 0x60, 0xC0, 0xC1, 0x80,
    0x60, 0x3F, 0xFF, 0x00, 0x20, 0x01, 0x00, 0x24, 0x09, 0x00, 0x26, 0x19, 0x00, 0x23, 0x11, 0x00,
    0x21, 0x21, 0x00, 0x21, 0xE1, 0x00, 0x20, 0xC1, 0x00, 0x20, 0xC1, 0x00, 0x21, 0xE1, 0x00, 0x21,
    0x31, 0x00, 0x23, 0x31, 0x00, 0x26, 0x19, 0x20, 0x4C, 0x0D, 0x20, 0x48, 0x05, 0x20, 0xC0, 0x00,
    0xA0, 0x80, 0x00, 0xC0, 0x04, 0x02, 0x00, 0x06, 0x04, 0x00, 0x03, 0x08, 0x00, 0x7F, 0xFF, 0xE0,
    0x00, 0x40, 0x00, 0x00, 0x40, 0x00, 0x1F, 0xFF, 0x80, 0x10, 0x00, 0x80, 0x10, 0x00, 0x80, 0x10,
    0x00, 0x80, 0x1F, 0xFF, 0x80, 0x10, 0x00, 0x80, 0x10, 0x00, 0x80, 0x1F, 0xFF, 0x80, 0x10, 0x00,
    0x80, 0x10, 0x00, 0x80, 0x10, 0x00, 0x80, 0x1F, 0xFF, 0x80, 0x10, 0x00, 0x80, 0x00, 0x40, 0x00,
    0x00, 0x20, 0x00, 0x7F, 0xFF, 0xE0, 0x00, 0x00, 0x00, 0x0F, 0xFF, 0x00, 0x08, 0x01, 0x00, 0x08,
    0x01, 0x00, 0x0F, 0xFF, 0x00, 0x08, 0x01, 0x00, 0x00, 0x00, 0x00, 0x3F, 0xFF, 0xC0, 0x20, 0x00,
    0x40, 0x23, 0xFC, 0x40, 0x22, 0x04, 0x40, 0x22, 0x04, 0x40, 0x23, 0xFC, 0x40, 0x22, 0x00, 0x40,
    0x20, 0x07, 0x80, 0x00, 0x20, 0x00, 0x00, 0x20, 0x00, 0x3F, 0xFF, 0xC0, 0x00, 0x20, 0x00, 0x00,
    0x20, 0x00, 0x1F, 0xFF, 0xC0, 0x00, 0x20, 0x00, 0x00, 0x20, 0x00, 0x7F, 0xFF, 0xE0, 0x01, 0x00,
    0x00, 0x02, 0x00, 0x00, 0x07, 0xFF, 0x00, 0x0E, 0x03, 0x00, 0x1B, 0x0E, 0x00, 0x31, 0x9C, 0x00,
    0x60, 0xF0, 0x00, 0x03, 0x98, 0x00, 0x0E, 0x06, 0x00, 0x70, 0x01, 0xE0,
};

/* ---------- ui_font_ascii14: 14px, 98 个字形 ---------- */
static const UiGlyph g_ascii14[] = {
    {0x0020, 4, 0, 0, 0, 0, 0},        /* 空白 */
    {0x0021, 4, 4, 11, 0, -11, 0},
    {0x0022, 6, 6, 11, 0, -11, 11},
    {0x0023, 9, 9, 11, 0, -11, 22},
    {0x0024, 8, 8, 14, 0, -12, 44},
    {0x0025, 12, 12, 11, 0, -11, 58},
    {0x0026, 12, 12, 11, 0, -11, 80},
    {0x0027, 4, 4, 11, 0, -11, 102},
    {0x0028, 5, 5, 13, 0, -11, 113},
    {0x0029, 5, 5, 13, 0, -11, 126},
    {0x002A, 6, 6, 11, 0, -11, 139},
    {0x002B, 10, 10, 8, 0, -8, 150},
    {0x002C, 3, 3, 4, 0, -2, 166},
    {0x002D, 6, 6, 5, 0, -5, 170},
    {0x002E, 3, 3, 2, 0, -2, 175},
    {0x002F, 6, 6, 13, 0, -11, 177},
    {0x0030, 8, 8, 11, 0, -11, 190},
    {0x0031, 8, 8, 11, 0, -11, 201},
    {0x0032, 8, 8, 11, 0, -11, 212},
    {0x0033, 8, 8, 11, 0, -11, 223},
    {0x0034, 8, 8, 11, 0, -11, 234},
    {0x0035, 8, 8, 11, 0, -11, 245},
    {0x0036, 8, 8, 11, 0, -11, 256},
    {0x0037, 8, 8, 11, 0, -11, 267},
    {0x0038, 8, 8, 11, 0, -11, 278},
    {0x0039, 8, 8, 11, 0, -11, 289},
    {0x003A, 3, 3, 8, 0, -8, 300},
    {0x003B, 3, 3, 10, 0, -8, 308},
    {0x003C, 10, 10, 8, 0, -8, 318},
    {0x003D, 10, 10, 7, 0, -7, 334},
    {0x003E, 10, 10, 8, 0, -8, 348},
    {0x003F, 7, 7, 11, 0, -11, 364},
    {0x0040, 14, 14, 12, 0, -11, 375},
    {0x0041, 10, 10, 11, 0, -11, 399},
    {0x0042, 9, 9, 11, 0, -11, 421},
    {0x0043, 9, 9, 11, 0, -11, 443},
    {0x0044, 11, 11, 11, 0, -11, 465},
    {0x0045, 8, 8, 11, 0, -11, 487},
    {0x0046, 7, 7, 11, 0, -11, 498},
    {0x0047, 10, 10, 11, 0, -11, 509},
    {0x0048, 11, 11, 11, 0, -11, 531},
    {0x0049, 4, 4, 11, 0, -11, 553},
    {0x004A, 6, 6, 11, 0, -11, 564},
    {0x004B, 9, 9, 11, 0, -11, 575},
    {0x004C, 7, 7, 11, 0, -11, 597},
    {0x004D, 14, 14, 11, 0, -11, 608},
    {0x004E, 11, 11, 11, 0, -11, 630},
    {0x004F, 11, 11, 11, 0, -11, 652},
    {0x0050, 9, 9, 11, 0, -11, 674},
    {0x0051, 11, 11, 12, 0, -11, 696},
    {0x0052, 9, 9, 11, 0, -11, 720},
    {0x0053, 8, 8, 11, 0, -11, 742},
    {0x0054, 8, 8, 11, 0, -11, 753},
    {0x0055, 10, 10, 11, 0, -11, 764},
    {0x0056, 9, 9, 11, 0, -11, 786},
    {0x0057, 14, 14, 11, 0, -11, 808},
    {0x0058, 9, 9, 11, 0, -11, 830},
    {0x0059, 8, 8, 11, 0, -11, 852},
    {0x005A, 9, 9, 11, 0, -11, 863},
    {0x005B, 5, 5, 13, 0, -11, 885},
    {0x005C, 6, 6, 12, 0, -11, 898},
    {0x005D, 5, 5, 13, 0, -11, 910},
    {0x005E, 10, 10, 11, 0, -11, 923},
    {0x005F, 6, 6, 4, 0, 0, 945},
    {0x0060, 4, 4, 11, 0, -11, 949},
    {0x0061, 8, 8, 8, 0, -8, 960},
    {0x0062, 9, 9, 11, 0, -11, 968},
    {0x0063, 7, 7, 8, 0, -8, 990},
    {0x0064, 9, 9, 11, 0, -11, 998},
    {0x0065, 8, 8, 8, 0, -8, 1020},
    {0x0066, 5, 5, 11, 0, -11, 1028},
    {0x0067, 9, 9, 11, 0, -8, 1039},
    {0x0068, 9, 9, 11, 0, -11, 1061},
    {0x0069, 4, 4, 11, 0, -11, 1083},
    {0x006A, 4, 5, 14, -1, -11, 1094},
    {0x006B, 8, 8, 11, 0, -11, 1108},
    {0x006C, 4, 4, 11, 0, -11, 1119},
    {0x006D, 13, 13, 8, 0, -8, 1130},
    {0x006E, 9, 9, 8, 0, -8, 1146},
    {0x006F, 9, 9, 8, 0, -8, 1162},
    {0x0070, 9, 9, 11, 0, -8, 1178},
    {0x0071, 9, 9, 11, 0, -8, 1200},
    {0x0072, 5, 5, 8, 0, -8, 1222},
    {0x0073, 6, 6, 8, 0, -8, 1230},
    {0x0074, 5, 5, 10, 0, -10, 1238},
    {0x0075, 9, 9, 8, 0, -8, 1248},
    {0x0076, 7, 7, 8, 0, -8, 1264},
    {0x0077, 11, 11, 8, 0, -8, 1272},
    {0x0078, 7, 7, 8, 0, -8, 1288},
    {0x0079, 7, 7, 11, 0, -8, 1296},
    {0x007A, 7, 7, 8, 0, -8, 1307},
    {0x007B, 5, 5, 13, 0, -11, 1315},
    {0x007C, 4, 4, 15, 0, -12, 1328},
    {0x007D, 5, 5, 13, 0, -11, 1343},
    {0x007E, 10, 10, 6, 0, -6, 1356},
    {0x00B0, 6, 6, 11, 0, -11, 1368},
    {0x2191, 7, 7, 12, 0, -11, 1379},
    {0x2193, 7, 7, 12, 0, -11, 1391},
};

static const uint8_t b_ascii14[] = {
    0x40, 0x40, 0x40, 0x40, 0x40, 0x40, 0x40, 0x40, 0x00, 0x60, 0x60, 0x28, 0x28, 0x28, 0x00, 0x00,
    0x00, 0x00, 0x00, 0x00, 0x00, 0x00, 0x12, 0x00, 0x12, 0x00, 0x12, 0x00, 0x7F, 0x80, 0x24, 0x00,
    0x24, 0x00, 0xFF, 0x00, 0x24, 0x00, 0x48, 0x00, 0x48, 0x00, 0x00, 0x00, 0x08, 0x3C, 0x6A, 0x48,
    0x48, 0x38, 0x1C, 0x0E, 0x0A, 0x0A, 0x4A, 0x3C, 0x08, 0x08, 0x38, 0x40, 0x44, 0x80, 0x44, 0x80,
    0x45, 0x00, 0x45, 0x00, 0x3A, 0xE0, 0x05, 0x10, 0x05, 0x10, 0x09, 0x10, 0x09, 0x10, 0x10, 0xE0,
    0x1C, 0x00, 0x22, 0x00, 0x22, 0x00, 0x26, 0x40, 0x1C, 0x40, 0x3C, 0x40, 0x42, 0xC0, 0x43, 0x80,
    0x41, 0x00, 0x63, 0x80, 0x3C, 0x60, 0x40, 0x40, 0x40, 0x00, 0x00, 0x00, 0x00, 0x00, 0x00, 0x00,
    0x00, 0x18, 0x10, 0x20, 0x20, 0x40, 0x40, 0x40, 0x40, 0x40, 0x20, 0x20, 0x10, 0x10, 0x40, 0x40,
    0x20, 0x20, 0x10, 0x10, 0x10, 0x10, 0x10, 0x20, 0x20, 0x40, 0x40, 0x20, 0x20, 0xEC, 0x30, 0x30,
    0x48, 0x00, 0x00, 0x00, 0x00, 0x00, 0x04, 0x00, 0x04, 0x00, 0x04, 0x00, 0x3F, 0x80, 0x04, 0x00,
    0x04, 0x00, 0x04, 0x00, 0x00, 0x00, 0x40, 0x40, 0x80, 0x80, 0x78, 0x00, 0x00, 0x00, 0x00, 0x60,
    0x60, 0x04, 0x08, 0x08, 0x08, 0x10, 0x10, 0x30, 0x20, 0x20, 0x40, 0x40, 0x40, 0x80, 0x1C, 0x24,
    0x42, 0x42, 0x42, 0x42, 0x42, 0x42, 0x42, 0x24, 0x38, 0x08, 0x38, 0x68, 0x08, 0x08, 0x08, 0x08,
    0x08, 0x08, 0x08, 0x08, 0x3C, 0x46, 0x02, 0x02, 0x02, 0x04, 0x18, 0x30, 0x60, 0x40, 0x7E, 0x38,
    0x44, 0x04, 0x04, 0x0C, 0x30, 0x0C, 0x04, 0x04, 0x4C, 0x38, 0x04, 0x0C, 0x1C, 0x14, 0x24, 0x64,
    0xC4, 0xFF, 0x04, 0x04, 0x04, 0x7C, 0x40, 0x40, 0x40, 0x40, 0x7C, 0x06, 0x02, 0x02, 0x06, 0x38,
    0x1C, 0x20, 0x40, 0x40, 0x5C, 0x66, 0x42, 0x42, 0x42, 0x24, 0x3C, 0xFE, 0x04, 0x04, 0x08, 0x08,
    0x10, 0x10, 0x10, 0x20, 0x20, 0x20, 0x3C, 0x66, 0x42, 0x42, 0x24, 0x3C, 0x66, 0x42, 0x42, 0x66,
    0x3C, 0x3C, 0x24, 0x42, 0x42, 0x42, 0x66, 0x3A, 0x02, 0x04, 0x24, 0x38, 0x60, 0x60, 0x00, 0x00,
    0x00, 0x00, 0x60, 0x60, 0x60, 0x60, 0x00, 0x00, 0x00, 0x00, 0x20, 0x20, 0x40, 0x40, 0x01, 0x00,
    0x06, 0x00, 0x1C, 0x00, 0x30, 0x00, 0x1C, 0x00, 0x06, 0x00, 0x01, 0x00, 0x00, 0x00, 0x3F, 0x00,
    0x00, 0x00, 0x00, 0x00, 0x3F, 0x00, 0x00, 0x00, 0x00, 0x00, 0x00, 0x00, 0x20, 0x00, 0x18, 0x00,
    0x0E, 0x00, 0x03, 0x00, 0x0E, 0x00, 0x18, 0x00, 0x20, 0x00, 0x00, 0x00, 0x38, 0x44, 0x04, 0x04,
    0x08, 0x10, 0x20, 0x20, 0x00, 0x30, 0x30, 0x07, 0xC0, 0x18, 0x20, 0x20, 0x10, 0x27, 0x88, 0x4C,
    0x88, 0x48, 0x88, 0x48, 0x88, 0x49, 0x90, 0x46, 0xE0, 0x20, 0x00, 0x10, 0x40, 0x0F, 0x80, 0x08,
    0x00, 0x14, 0x00, 0x14, 0x00, 0x16, 0x00, 0x26, 0x00, 0x23, 0x00, 0x23, 0x00, 0x7F, 0x00, 0x61,
    0x80, 0x41, 0x80, 0xC0, 0xC0, 0x7C, 0x00, 0x46, 0x00, 0x42, 0x00, 0x42, 0x00, 0x46, 0x00, 0x7C,
    0x00, 0x46, 0x00, 0x42, 0x00, 0x42, 0x00, 0x46, 0x00, 0x7C, 0x00, 0x0E, 0x00, 0x31, 0x00, 0x20,
    0x00, 0x40, 0x00, 0x40, 0x00, 0x40, 0x00, 0x40, 0x00, 0x40, 0x00, 0x20, 0x00, 0x31, 0x00, 0x1E,
    0x00, 0x7E, 0x00, 0x41, 0x00, 0x40, 0x80, 0x40, 0x40, 0x40, 0x40, 0x40, 0x40, 0x40, 0x40, 0x40,
    0x40, 0x40, 0x80, 0x41, 0x00, 0x7E, 0x00, 0x7E, 0x40, 0x40, 0x40, 0x40, 0x7C, 0x40, 0x40, 0x40,
    0x40, 0x7E, 0x7C, 0x40, 0x40, 0x40, 0x40, 0x7C, 0x40, 0x40, 0x40, 0x40, 0x40, 0x0F, 0x00, 0x10,
    0x80, 0x20, 0x00, 0x40, 0x00, 0x40, 0x00, 0x43, 0x80, 0x40, 0x80, 0x40, 0x80, 0x20, 0x80, 0x30,
    0x80, 0x0F, 0x00, 0x40, 0x80, 0x40, 0x80, 0x40, 0x80, 0x40, 0x80, 0x40, 0x80, 0x7F, 0x80, 0x40,
    0x80, 0x40, 0x80, 0x40, 0x80, 0x40, 0x80, 0x40, 0x80, 0x40, 0x40, 0x40, 0x40, 0x40, 0x40, 0x40,
    0x40, 0x40, 0x40, 0x40, 0x10, 0x10, 0x10, 0x10, 0x10, 0x10, 0x10, 0x10, 0x10, 0x20, 0xE0, 0x41,
    0x80, 0x43, 0x00, 0x46, 0x00, 0x4C, 0x00, 0x58, 0x00, 0x70, 0x00, 0x58, 0x00, 0x4C, 0x00, 0x46,
    0x00, 0x43, 0x00, 0x41, 0x80, 0x40, 0x40, 0x40, 0x40, 0x40, 0x40, 0x40, 0x40, 0x40, 0x40, 0x7E,
    0x60, 0x10, 0x70, 0x30, 0x70, 0x30, 0x50, 0x50, 0x58, 0x50, 0x48, 0x90, 0x4C, 0x90, 0x45, 0x10,
    0x45, 0x10, 0x47, 0x10, 0x42, 0x10, 0x60, 0x80, 0x70, 0x80, 0x70, 0x80, 0x58, 0x80, 0x4C, 0x80,
    0x4C, 0x80, 0x46, 0x80, 0x46, 0x80, 0x43, 0x80, 0x41, 0x80, 0x41, 0x80, 0x1F, 0x00, 0x31, 0x80,
    0x20, 0x80, 0x40, 0x40, 0x40, 0x40, 0x40, 0x40, 0x40, 0x40, 0x40, 0x40, 0x20, 0x80, 0x31, 0x80,
    0x1F, 0x00, 0x7C, 0x00, 0x43, 0x00, 0x41, 0x00, 0x41, 0x00, 0x41, 0x00, 0x42, 0x00, 0x7C, 0x00,
    0x40, 0x00, 0x40, 0x00, 0x40, 0x00, 0x40, 0x00, 0x1F, 0x00, 0x31, 0x80, 0x20, 0x80, 0x40, 0x40,
    0x40, 0x40, 0x40, 0x40, 0x40, 0x40, 0x40, 0x40, 0x20, 0x80, 0x31, 0x80, 0x1F, 0x80, 0x00, 0xC0,
    0x7C, 0x00, 0x46, 0x00, 0x42, 0x00, 0x42, 0x00, 0x44, 0x00, 0x78, 0x00, 0x48, 0x00, 0x4C, 0x00,
    0x44, 0x00, 0x46, 0x00, 0x43, 0x00, 0x1C, 0x62, 0x40, 0x40, 0x60, 0x38, 0x0C, 0x02, 0x02, 0x42,
    0x3C, 0xFE, 0x10, 0x10, 0x10, 0x10, 0x10, 0x10, 0x10, 0x10, 0x10, 0x10, 0x41, 0x00, 0x41, 0x00,
    0x41, 0x00, 0x41, 0x00, 0x41, 0x00, 0x41, 0x00, 0x41, 0x00, 0x41, 0x00, 0x41, 0x00, 0x22, 0x00,
    0x1C, 0x00, 0xC0, 0x80, 0x40, 0x80, 0x61, 0x00, 0x61, 0x00, 0x21, 0x00, 0x33, 0x00, 0x32, 0x00,
    0x12, 0x00, 0x1E, 0x00, 0x1C, 0x00, 0x0C, 0x00, 0xC1, 0x04, 0xC1, 0x04, 0x63, 0x8C, 0x63, 0x88,
    0x64, 0x88, 0x64, 0xC8, 0x24, 0xC8, 0x34, 0x58, 0x3C, 0x70, 0x18, 0x70, 0x18, 0x30, 0xC1, 0x80,
    0x63, 0x00, 0x22, 0x00, 0x36, 0x00, 0x1C, 0x00, 0x18, 0x00, 0x1C, 0x00, 0x36, 0x00, 0x26, 0x00,
    0x63, 0x00, 0xC1, 0x80, 0xC1, 0x62, 0x62, 0x22, 0x34, 0x14, 0x08, 0x08, 0x08, 0x08, 0x08, 0xFF,
    0x80, 0x01, 0x00, 0x02, 0x00, 0x06, 0x00, 0x0C, 0x00, 0x08, 0x00, 0x18, 0x00, 0x30, 0x00, 0x20,
    0x00, 0x40, 0x00, 0xFF, 0x80, 0x38, 0x20, 0x20, 0x20, 0x20, 0x20, 0x20, 0x20, 0x20, 0x20, 0x20,
    0x20, 0x38, 0x80, 0x40, 0x40, 0x40, 0x20, 0x20, 0x10, 0x10, 0x08, 0x08, 0x08, 0x04, 0xE0, 0x20,
    0x20, 0x20, 0x20, 0x20, 0x20, 0x20, 0x20, 0x20, 0x20, 0x20, 0xE0, 0x04, 0x00, 0x0E, 0x00, 0x0A,
    0x00, 0x1A, 0x00, 0x13, 0x00, 0x21, 0x00, 0x00, 0x00, 0x00, 0x00, 0x00, 0x00, 0x00, 0x00, 0x00,
    0x00, 0x00, 0x00, 0x00, 0xFC, 0x40, 0x20, 0x00, 0x00, 0x00, 0x00, 0x00, 0x00, 0x00, 0x00, 0x00,
    0x1C, 0x22, 0x02, 0x1E, 0x62, 0x42, 0x46, 0x3A, 0x40, 0x00, 0x40, 0x00, 0x40, 0x00, 0x5E, 0x00,
    0x62, 0x00, 0x41, 0x00, 0x41, 0x00, 0x41, 0x00, 0x41, 0x00, 0x62, 0x00, 0x5C, 0x00, 0x1C, 0x20,
    0x40, 0x40, 0x40, 0x40, 0x20, 0x3C, 0x01, 0x00, 0x01, 0x00, 0x01, 0x00, 0x1D, 0x00, 0x23, 0x00,
    0x41, 0x00, 0x41, 0x00, 0x41, 0x00, 0x41, 0x00, 0x23, 0x00, 0x3D, 0x00, 0x1C, 0x26, 0x42, 0x7E,
    0x40, 0x40, 0x22, 0x1C, 0x18, 0x20, 0x20, 0x78, 0x20, 0x20, 0x20, 0x20, 0x20, 0x20, 0x20, 0x1D,
    0x00, 0x23, 0x00, 0x41, 0x00, 0x41, 0x00, 0x41, 0x00, 0x41, 0x00, 0x23, 0x00, 0x3D, 0x00, 0x01,
    0x00, 0x22, 0x00, 0x1C, 0x00, 0x40, 0x00, 0x40, 0x00, 0x40, 0x00, 0x5C, 0x00, 0x66, 0x00, 0x42,
    0x00, 0x42, 0x00, 0x42, 0x00, 0x42, 0x00, 0x42, 0x00, 0x42, 0x00, 0x60, 0x60, 0x00, 0x40, 0x40,
    0x40, 0x40, 0x40, 0x40, 0x40, 0x40, 0x30, 0x30, 0x00, 0x20, 0x20, 0x20, 0x20, 0x20, 0x20, 0x20,
    0x20, 0x20, 0x20, 0xC0, 0x40, 0x40, 0x40, 0x46, 0x4C, 0x58, 0x70, 0x70, 0x58, 0x4C, 0x46, 0x40,
    0x40, 0x40, 0x40, 0x40, 0x40, 0x40, 0x40, 0x40, 0x40, 0x40, 0x5C, 0xE0, 0x67, 0x10, 0x42, 0x10,
    0x42, 0x10, 0x42, 0x10, 0x42, 0x10, 0x42, 0x10, 0x42, 0x10, 0x5C, 0x00, 0x66, 0x00, 0x42, 0x00,
    0x42, 0x00, 0x42, 0x00, 0x42, 0x00, 0x42, 0x00, 0x42, 0x00, 0x1C, 0x00, 0x22, 0x00, 0x41, 0x00,
    0x41, 0x00, 0x41, 0x00, 0x41, 0x00, 0x22, 0x00, 0x1C, 0x00, 0x5E, 0x00, 0x62, 0x00, 0x41, 0x00,
    0x41, 0x00, 0x41, 0x00, 0x41, 0x00, 0x62, 0x00, 0x5C, 0x00, 0x40, 0x00, 0x40, 0x00, 0x40, 0x00,
    0x1D, 0x00, 0x23, 0x00, 0x41, 0x00, 0x41, 0x00, 0x41, 0x00, 0x41, 0x00, 0x23, 0x00, 0x3D, 0x00,
    0x01, 0x00, 0x01, 0x00, 0x01, 0x00, 0x58, 0x60, 0x40, 0x40, 0x40, 0x40, 0x40, 0x40, 0x38, 0x40,
    0x40, 0x60, 0x18, 0x08, 0x08, 0x70, 0x20, 0x20, 0x78, 0x20, 0x20, 0x20, 0x20, 0x20, 0x20, 0x18,
    0x42, 0x00, 0x42, 0x00, 0x42, 0x00, 0x42, 0x00, 0x42, 0x00, 0x42, 0x00, 0x66, 0x00, 0x3A, 0x00,
    0x82, 0x44, 0x44, 0x44, 0x28, 0x28, 0x28, 0x10, 0x84, 0x20, 0x86, 0x20, 0x4A, 0x40, 0x4A, 0x40,
    0x49, 0x40, 0x71, 0x40, 0x31, 0x80, 0x20, 0x80, 0xC2, 0x64, 0x68, 0x38, 0x38, 0x28, 0x6C, 0xC6,
    0x82, 0x44, 0x44, 0x44, 0x28, 0x28, 0x38, 0x10, 0x30, 0x20, 0xC0, 0xFE, 0x04, 0x08, 0x18, 0x30,
    0x20, 0x40, 0xFE, 0x10, 0x20, 0x20, 0x20, 0x20, 0x20, 0x40, 0x20, 0x20, 0x20, 0x20, 0x20, 0x10,
    0x40, 0x40, 0x40, 0x40, 0x40, 0x40, 0x40, 0x40, 0x40, 0x40, 0x40, 0x40, 0x40, 0x40, 0x40, 0x40,
    0x20, 0x20, 0x20, 0x20, 0x20, 0x10, 0x20, 0x20, 0x20, 0x20, 0x20, 0x40, 0x1C, 0x80, 0x27, 0x00,
    0x00, 0x00, 0x00, 0x00, 0x00, 0x00, 0x00, 0x00, 0x30, 0x48, 0x48, 0x30, 0x00, 0x00, 0x00, 0x00,
    0x00, 0x00, 0x00, 0x10, 0x38, 0x38, 0x54, 0x10, 0x10, 0x10, 0x10, 0x10, 0x10, 0x10, 0x10, 0x10,
    0x10, 0x10, 0x10, 0x10, 0x10, 0x10, 0x10, 0x54, 0x38, 0x38, 0x10,
};

/* ---------- ui_font_ascii28: 28px, 98 个字形 ---------- */
static const UiGlyph g_ascii28[] = {
    {0x0020, 8, 0, 0, 0, 0, 0},        /* 空白 */
    {0x0021, 9, 9, 21, 0, -21, 0},
    {0x0022, 12, 12, 21, 0, -21, 42},
    {0x0023, 18, 18, 21, 0, -21, 84},
    {0x0024, 16, 16, 27, 0, -24, 147},
    {0x0025, 25, 25, 21, 0, -21, 201},
    {0x0026, 24, 25, 21, 0, -21, 285},
    {0x0027, 7, 7, 21, 0, -21, 369},
    {0x0028, 9, 9, 26, 0, -21, 390},
    {0x0029, 9, 9, 26, 0, -21, 442},
    {0x002A, 13, 13, 21, 0, -21, 494},
    {0x002B, 21, 21, 16, 0, -16, 536},
    {0x002C, 7, 7, 7, 0, -3, 584},
    {0x002D, 12, 12, 9, 0, -9, 591},
    {0x002E, 7, 7, 3, 0, -3, 609},
    {0x002F, 12, 12, 25, 0, -21, 612},
    {0x0030, 16, 16, 21, 0, -21, 662},
    {0x0031, 16, 16, 21, 0, -21, 704},
    {0x0032, 16, 16, 21, 0, -21, 746},
    {0x0033, 16, 16, 21, 0, -21, 788},
    {0x0034, 16, 16, 21, 0, -21, 830},
    {0x0035, 16, 16, 21, 0, -21, 872},
    {0x0036, 16, 16, 21, 0, -21, 914},
    {0x0037, 16, 16, 21, 0, -21, 956},
    {0x0038, 16, 16, 21, 0, -21, 998},
    {0x0039, 16, 16, 21, 0, -21, 1040},
    {0x003A, 7, 7, 15, 0, -15, 1082},
    {0x003B, 7, 7, 19, 0, -15, 1097},
    {0x003C, 21, 21, 16, 0, -16, 1116},
    {0x003D, 21, 21, 13, 0, -13, 1164},
    {0x003E, 21, 21, 16, 0, -16, 1203},
    {0x003F, 14, 14, 21, 0, -21, 1251},
    {0x0040, 29, 29, 24, 0, -21, 1293},
    {0x0041, 20, 20, 21, 0, -21, 1389},
    {0x0042, 18, 18, 21, 0, -21, 1452},
    {0x0043, 19, 19, 21, 0, -21, 1515},
    {0x0044, 21, 21, 21, 0, -21, 1578},
    {0x0045, 15, 15, 21, 0, -21, 1641},
    {0x0046, 15, 15, 21, 0, -21, 1683},
    {0x0047, 21, 21, 21, 0, -21, 1725},
    {0x0048, 22, 22, 21, 0, -21, 1788},
    {0x0049, 8, 8, 21, 0, -21, 1851},
    {0x004A, 11, 11, 21, 0, -21, 1872},
    {0x004B, 18, 18, 21, 0, -21, 1914},
    {0x004C, 14, 14, 21, 0, -21, 1977},
    {0x004D, 27, 27, 21, 0, -21, 2019},
    {0x004E, 23, 23, 21, 0, -21, 2103},
    {0x004F, 23, 23, 21, 0, -21, 2166},
    {0x0050, 17, 17, 21, 0, -21, 2229},
    {0x0051, 23, 24, 24, 0, -21, 2292},
    {0x0052, 18, 18, 21, 0, -21, 2364},
    {0x0053, 16, 16, 21, 0, -21, 2427},
    {0x0054, 16, 16, 21, 0, -21, 2469},
    {0x0055, 21, 21, 21, 0, -21, 2511},
    {0x0056, 19, 19, 21, 0, -21, 2574},
    {0x0057, 29, 29, 21, 0, -21, 2637},
    {0x0058, 18, 18, 21, 0, -21, 2721},
    {0x0059, 17, 17, 21, 0, -21, 2784},
    {0x005A, 17, 17, 21, 0, -21, 2847},
    {0x005B, 9, 9, 26, 0, -21, 2910},
    {0x005C, 12, 12, 25, 0, -21, 2962},
    {0x005D, 9, 9, 26, 0, -21, 3012},
    {0x005E, 21, 21, 21, 0, -21, 3064},
    {0x005F, 13, 13, 7, 0, 0, 3127},
    {0x0060, 8, 8, 23, 0, -23, 3141},
    {0x0061, 15, 15, 15, 0, -15, 3164},
    {0x0062, 18, 18, 22, 0, -22, 3194},
    {0x0063, 14, 14, 15, 0, -15, 3260},
    {0x0064, 18, 18, 22, 0, -22, 3290},
    {0x0065, 16, 16, 15, 0, -15, 3356},
    {0x0066, 10, 10, 22, 0, -22, 3386},
    {0x0067, 18, 18, 22, 0, -15, 3430},
    {0x0068, 17, 17, 22, 0, -22, 3496},
    {0x0069, 7, 7, 22, 0, -22, 3562},
    {0x006A, 7, 10, 29, -3, -22, 3584},
    {0x006B, 15, 15, 22, 0, -22, 3642},
    {0x006C, 7, 7, 22, 0, -22, 3686},
    {0x006D, 26, 26, 15, 0, -15, 3708},
    {0x006E, 17, 17, 15, 0, -15, 3768},
    {0x006F, 18, 18, 15, 0, -15, 3813},
    {0x0070, 18, 18, 22, 0, -15, 3858},
    {0x0071, 18, 18, 22, 0, -15, 3924},
    {0x0072, 11, 11, 15, 0, -15, 3990},
    {0x0073, 13, 13, 15, 0, -15, 4020},
    {0x0074, 10, 10, 19, 0, -19, 4050},
    {0x0075, 17, 17, 15, 0, -15, 4088},
    {0x0076, 15, 15, 15, 0, -15, 4133},
    {0x0077, 22, 22, 15, 0, -15, 4163},
    {0x0078, 14, 14, 15, 0, -15, 4208},
    {0x0079, 15, 15, 22, 0, -15, 4238},
    {0x007A, 14, 14, 15, 0, -15, 4282},
    {0x007B, 9, 9, 26, 0, -21, 4312},
    {0x007C, 8, 8, 30, 0, -23, 4364},
    {0x007D, 9, 9, 26, 0, -21, 4394},
    {0x007E, 21, 21, 11, 0, -11, 4446},
    {0x00B0, 11, 11, 21, 0, -21, 4479},
    {0x2191, 14, 14, 24, 0, -23, 4521},
    {0x2193, 14, 14, 24, 0, -23, 4569},
};

static const uint8_t b_ascii28[] = {
    0x0C, 0x00, 0x0C, 0x00, 0x0C, 0x00, 0x0C, 0x00, 0x0C, 0x00, 0x0C, 0x00, 0x0C, 0x00, 0x0C, 0x00,
    0x0C, 0x00, 0x0C, 0x00, 0x0C, 0x00, 0x0C, 0x00, 0x0C, 0x00, 0x0C, 0x00, 0x0C, 0x00, 0x00, 0x00,
    0x00, 0x00, 0x00, 0x00, 0x1C, 0x00, 0x1C, 0x00, 0x1C, 0x00, 0x19, 0x80, 0x19, 0x80, 0x19, 0x80,
    0x19, 0x80, 0x19, 0x80, 0x19, 0x80, 0x19, 0x80, 0x00, 0x00, 0x00, 0x00, 0x00, 0x00, 0x00, 0x00,
    0x00, 0x00, 0x00, 0x00, 0x00, 0x00, 0x00, 0x00, 0x00, 0x00, 0x00, 0x00, 0x00, 0x00, 0x00, 0x00,
    0x00, 0x00, 0x00, 0x00, 0x01, 0x86, 0x00, 0x01, 0x86, 0x00, 0x03, 0x8E, 0x00, 0x03, 0x0C, 0x00,
    0x03, 0x0C, 0x00, 0x03, 0x0C, 0x00, 0x3F, 0xFF, 0x80, 0x3F, 0xFF, 0x80, 0x06, 0x18, 0x00, 0x06,
    0x18, 0x00, 0x06, 0x18, 0x00, 0x06, 0x18, 0x00, 0x7F, 0xFF, 0x00, 0x7F, 0xFF, 0x00, 0x0C, 0x30,
    0x00, 0x0C, 0x30, 0x00, 0x0C, 0x30, 0x00, 0x18, 0x60, 0x00, 0x18, 0x60, 0x00, 0x00, 0x00, 0x00,
    0x00, 0x00, 0x00, 0x01, 0xC0, 0x01, 0xC0, 0x01, 0xC0, 0x07, 0xF8, 0x0F, 0xFC, 0x1D, 0xC4, 0x39,
    0xC0, 0x39, 0xC0, 0x39, 0xC0, 0x39, 0xC0, 0x3D, 0xC0, 0x1F, 0xC0, 0x0F, 0xC0, 0x07, 0xF0, 0x01,
    0xF8, 0x01, 0xFC, 0x01, 0xDE, 0x01, 0xCE, 0x01, 0xCE, 0x01, 0xCE, 0x21, 0xCE, 0x39, 0xDC, 0x1F,
    0xF8, 0x0F, 0xE0, 0x01, 0xC0, 0x01, 0xC0, 0x01, 0xC0, 0x0F, 0x80, 0x30, 0x00, 0x3F, 0xC0, 0x60,
    0x00, 0x30, 0xC0, 0xC0, 0x00, 0x60, 0x60, 0xC0, 0x00, 0x60, 0x61, 0x80, 0x00, 0x60, 0x63, 0x00,
    0x00, 0x60, 0x63, 0x00, 0x00, 0x60, 0x66, 0x00, 0x00, 0x30, 0xCC, 0x00, 0x00, 0x3F, 0xCC, 0x00,
    0x00, 0x0F, 0x18, 0x7C, 0x00, 0x00, 0x31, 0xFE, 0x00, 0x00, 0x31, 0x86, 0x00, 0x00, 0x63, 0x03,
    0x00, 0x00, 0xC3, 0x03, 0x00, 0x00, 0xC3, 0x03, 0x00, 0x01, 0x83, 0x03, 0x00, 0x03, 0x03, 0x03,
    0x00, 0x03, 0x01, 0x86, 0x00, 0x06, 0x01, 0xFE, 0x00, 0x0C, 0x00, 0x78, 0x00, 0x00, 0xF8, 0x00,
    0x00, 0x03, 0xFE, 0x00, 0x00, 0x03, 0x8F, 0x00, 0x00, 0x07, 0x07, 0x00, 0x00, 0x07, 0x07, 0x00,
    0x00, 0x07, 0x07, 0x1C, 0x00, 0x07, 0x8E, 0x1C, 0x00, 0x03, 0x9E, 0x1C, 0x00, 0x01, 0xF8, 0x1C,
    0x00, 0x03, 0xF8, 0x1C, 0x00, 0x07, 0xBC, 0x18, 0x00, 0x1E, 0x0E, 0x38, 0x00, 0x1C, 0x07, 0x38,
    0x00, 0x38, 0x03, 0xB0, 0x00, 0x38, 0x01, 0xF0, 0x00, 0x38, 0x01, 0xE0, 0x00, 0x38, 0x00, 0xE0,
    0x00, 0x3C, 0x01, 0xF0, 0x00, 0x1E, 0x07, 0xB8, 0x00, 0x0F, 0xFE, 0x3F, 0x00, 0x03, 0xF8, 0x0F,
    0x00, 0x18, 0x18, 0x18, 0x18, 0x18, 0x18, 0x18, 0x00, 0x00, 0x00, 0x00, 0x00, 0x00, 0x00, 0x00,
    0x00, 0x00, 0x00, 0x00, 0x00, 0x00, 0x01, 0x80, 0x03, 0x00, 0x06, 0x00, 0x0C, 0x00, 0x0C, 0x00,
    0x18, 0x00, 0x18, 0x00, 0x18, 0x00, 0x38, 0x00, 0x30, 0x00, 0x30, 0x00, 0x30, 0x00, 0x30, 0x00,
    0x30, 0x00, 0x30, 0x00, 0x30, 0x00, 0x30, 0x00, 0x38, 0x00, 0x18, 0x00, 0x18, 0x00, 0x18, 0x00,
    0x0C, 0x00, 0x0C, 0x00, 0x06, 0x00, 0x03, 0x00, 0x01, 0x80, 0xC0, 0x00, 0x60, 0x00, 0x30, 0x00,
    0x38, 0x00, 0x18, 0x00, 0x1C, 0x00, 0x0C, 0x00, 0x0C, 0x00, 0x0E, 0x00, 0x06, 0x00, 0x06, 0x00,
    0x06, 0x00, 0x06, 0x00, 0x06, 0x00, 0x06, 0x00, 0x06, 0x00, 0x06, 0x00, 0x06, 0x00, 0x0C, 0x00,
    0x0C, 0x00, 0x0C, 0x00, 0x18, 0x00, 0x18, 0x00, 0x30, 0x00, 0x60, 0x00, 0xC0, 0x00, 0x06, 0x00,
    0x02, 0x00, 0x02, 0x00, 0x22, 0x30, 0x7A, 0xF0, 0x1F, 0xC0, 0x07, 0x00, 0x0D, 0x80, 0x18, 0xC0,
    0x38, 0xE0, 0x10, 0x40, 0x00, 0x00, 0x00, 0x00, 0x00, 0x00, 0x00, 0x00, 0x00, 0x00, 0x00, 0x00,
    0x00, 0x00, 0x00, 0x00, 0x00, 0x00, 0x00, 0x00, 0x00, 0x60, 0x00, 0x00, 0x60, 0x00, 0x00, 0x60,
    0x00, 0x00, 0x60, 0x00, 0x00, 0x60, 0x00, 0x00, 0x60, 0x00, 0x1F, 0xFF, 0x80, 0x1F, 0xFF, 0x80,
    0x00, 0x60, 0x00, 0x00, 0x60, 0x00, 0x00, 0x60, 0x00, 0x00, 0x60, 0x00, 0x00, 0x60, 0x00, 0x00,
    0x60, 0x00, 0x00, 0x00, 0x00, 0x00, 0x00, 0x00, 0x38, 0x30, 0x70, 0x70, 0x60, 0xE0, 0xC0, 0x3F,
    0xC0, 0x3F, 0xC0, 0x00, 0x00, 0x00, 0x00, 0x00, 0x00, 0x00, 0x00, 0x00, 0x00, 0x00, 0x00, 0x00,
    0x00, 0x38, 0x38, 0x38, 0x00, 0x70, 0x00, 0xE0, 0x00, 0xE0, 0x00, 0xE0, 0x01, 0xC0, 0x01, 0xC0,
    0x01, 0xC0, 0x03, 0x80, 0x03, 0x80, 0x03, 0x80, 0x07, 0x00, 0x07, 0x00, 0x0F, 0x00, 0x0E, 0x00,
    0x0E, 0x00, 0x1C, 0x00, 0x1C, 0x00, 0x1C, 0x00, 0x38, 0x00, 0x38, 0x00, 0x38, 0x00, 0x70, 0x00,
    0x70, 0x00, 0x70, 0x00, 0xE0, 0x00, 0x03, 0xE0, 0x0F, 0xF0, 0x1C, 0x38, 0x38, 0x1C, 0x38, 0x1C,
    0x38, 0x1E, 0x70, 0x0E, 0x70, 0x0E, 0x70, 0x0E, 0x70, 0x0E, 0x70, 0x0E, 0x70, 0x0E, 0x70, 0x0E,
    0x70, 0x0E, 0x70, 0x0E, 0x78, 0x1C, 0x38, 0x1C, 0x38, 0x1C, 0x1C, 0x38, 0x0F, 0xF0, 0x07, 0xE0,
    0x00, 0x60, 0x01, 0xE0, 0x07, 0xE0, 0x1E, 0xE0, 0x10, 0xE0, 0x00, 0xE0, 0x00, 0xE0, 0x00, 0xE0,
    0x00, 0xE0, 0x00, 0xE0, 0x00, 0xE0, 0x00, 0xE0, 0x00, 0xE0, 0x00, 0xE0, 0x00, 0xE0, 0x00, 0xE0,
    0x00, 0xE0, 0x00, 0xE0, 0x00, 0xE0, 0x00, 0xE0, 0x00, 0xE0, 0x07, 0xF0, 0x0F, 0xF8, 0x1C, 0x3C,
    0x10, 0x1E, 0x00, 0x0E, 0x00, 0x0E, 0x00, 0x0E, 0x00, 0x0E, 0x00, 0x1C, 0x00, 0x3C, 0x00, 0x78,
    0x00, 0xF0, 0x01, 0xE0, 0x07, 0x80, 0x0F, 0x00, 0x1E, 0x00, 0x1C, 0x00, 0x38, 0x00, 0x38, 0x00,
    0x3F, 0xFF, 0x3F, 0xFF, 0x07, 0xE0, 0x0F, 0xF8, 0x18, 0x78, 0x10, 0x1C, 0x00, 0x1C, 0x00, 0x1C,
    0x00, 0x1C, 0x00, 0x38, 0x00, 0x70, 0x0F, 0xE0, 0x0F, 0xF0, 0x00, 0x7C, 0x00, 0x1C, 0x00, 0x0E,
    0x00, 0x0E, 0x00, 0x0E, 0x00, 0x0E, 0x20, 0x1C, 0x38, 0x3C, 0x1F, 0xF8, 0x0F, 0xE0, 0x00, 0x38,
    0x00, 0x78, 0x00, 0xF8, 0x00, 0xF8, 0x01, 0xF8, 0x01, 0xB8, 0x03, 0x38, 0x07, 0x38, 0x0E, 0x38,
    0x0C, 0x38, 0x1C, 0x38, 0x38, 0x38, 0x70, 0x38, 0x60, 0x38, 0xFF, 0xFF, 0xFF, 0xFF, 0x00, 0x38,
    0x00, 0x38, 0x00, 0x38, 0x00, 0x38, 0x00, 0x38, 0x0F, 0xFC, 0x0F, 0xFC, 0x0C, 0x00, 0x0C, 0x00,
    0x1C, 0x00, 0x1C, 0x00, 0x1C, 0x00, 0x1C, 0x00, 0x1F, 0xE0, 0x1F, 0xF8, 0x00, 0x7C, 0x00, 0x1C,
    0x00, 0x0E, 0x00, 0x0E, 0x00, 0x0E, 0x00, 0x0E, 0x00, 0x0E, 0x00, 0x1C, 0x18, 0x3C, 0x1F, 0xF0,
    0x1F, 0xE0, 0x00, 0xF8, 0x03, 0xFC, 0x07, 0x04, 0x0E, 0x00, 0x0C, 0x00, 0x1C, 0x00, 0x18, 0x00,
    0x38, 0x00, 0x39, 0xF0, 0x3B, 0xF8, 0x3E, 0x3C, 0x3C, 0x1E, 0x38, 0x0E, 0x38, 0x0E, 0x38, 0x0E,
    0x38, 0x0E, 0x18, 0x0E, 0x1C, 0x1C, 0x0E, 0x3C, 0x07, 0xF8, 0x03, 0xE0, 0x3F, 0xFE, 0x3F, 0xFE,
    0x00, 0x0C, 0x00, 0x1C, 0x00, 0x18, 0x00, 0x38, 0x00, 0x30, 0x00, 0x70, 0x00, 0x60, 0x00, 0xE0,
    0x00, 0xE0, 0x01, 0xC0, 0x01, 0xC0, 0x01, 0xC0, 0x03, 0x80, 0x03, 0x80, 0x03, 0x80, 0x07, 0x00,
    0x07, 0x00, 0x07, 0x00, 0x07, 0x00, 0x07, 0xE0, 0x0F, 0xF0, 0x1C, 0x38, 0x38, 0x3C, 0x38, 0x1C,
    0x38, 0x1C, 0x38, 0x1C, 0x1C, 0x38, 0x1C, 0x78, 0x07, 0xE0, 0x1F, 0xF8, 0x3C, 0x3C, 0x38, 0x1C,
    0x70, 0x0E, 0x70, 0x0E, 0x70, 0x0E, 0x70, 0x0E, 0x38, 0x1C, 0x3C, 0x3C, 0x1F, 0xF8, 0x07, 0xE0,
    0x07, 0xE0, 0x1F, 0xF0, 0x3C, 0x38, 0x38, 0x1C, 0x70, 0x1C, 0x70, 0x0E, 0x70, 0x0E, 0x70, 0x0E,
    0x70, 0x0E, 0x38, 0x1E, 0x3C, 0x3E, 0x1F, 0xEE, 0x07, 0xCE, 0x00, 0x0E, 0x00, 0x0C, 0x00, 0x1C,
    0x00, 0x1C, 0x00, 0x38, 0x20, 0xF0, 0x3F, 0xE0, 0x1F, 0x80, 0x38, 0x38, 0x38, 0x00, 0x00, 0x00,
    0x00, 0x00, 0x00, 0x00, 0x00, 0x00, 0x38, 0x38, 0x38, 0x38, 0x38, 0x38, 0x00, 0x00, 0x00, 0x00,
    0x00, 0x00, 0x00, 0x00, 0x00, 0x38, 0x30, 0x70, 0x70, 0x60, 0xE0, 0xC0, 0x00, 0x00, 0x80, 0x00,
    0x03, 0x80, 0x00, 0x0F, 0x80, 0x00, 0x3E, 0x00, 0x00, 0x78, 0x00, 0x01, 0xE0, 0x00, 0x07, 0x80,
    0x00, 0x0E, 0x00, 0x00, 0x07, 0x80, 0x00, 0x01, 0xF0, 0x00, 0x00, 0x7C, 0x00, 0x00, 0x0F, 0x80,
    0x00, 0x03, 0x80, 0x00, 0x00, 0x80, 0x00, 0x00, 0x00, 0x00, 0x00, 0x00, 0x1F, 0xFF, 0x80, 0x1F,
    0xFF, 0x80, 0x00, 0x00, 0x00, 0x00, 0x00, 0x00, 0x00, 0x00, 0x00, 0x00, 0x00, 0x00, 0x1F, 0xFF,
    0x80, 0x1F, 0xFF, 0x80, 0x00, 0x00, 0x00, 0x00, 0x00, 0x00, 0x00, 0x00, 0x00, 0x00, 0x00, 0x00,
    0x00, 0x00, 0x00, 0x08, 0x00, 0x00, 0x0E, 0x00, 0x00, 0x0F, 0x80, 0x00, 0x03, 0xE0, 0x00, 0x00,
    0xF0, 0x00, 0x00, 0x3C, 0x00, 0x00, 0x0F, 0x00, 0x00, 0x03, 0x80, 0x00, 0x0F, 0x00, 0x00, 0x7C,
    0x00, 0x01, 0xF0, 0x00, 0x0F, 0x80, 0x00, 0x0E, 0x00, 0x00, 0x08, 0x00, 0x00, 0x00, 0x00, 0x00,
    0x00, 0x00, 0x00, 0x0F, 0xC0, 0x3F, 0xF0, 0x70, 0xF0, 0x40, 0x38, 0x00, 0x38, 0x00, 0x38, 0x00,
    0x38, 0x00, 0x70, 0x00, 0xE0, 0x03, 0xC0, 0x07, 0x80, 0x0F, 0x00, 0x0E, 0x00, 0x0E, 0x00, 0x0E,
    0x00, 0x00, 0x00, 0x00, 0x00, 0x00, 0x00, 0x0E, 0x00, 0x0E, 0x00, 0x0E, 0x00, 0x00, 0x1F, 0xC0,
    0x00, 0x00, 0xFF, 0xF8, 0x00, 0x01, 0xE0, 0x3C, 0x00, 0x03, 0x80, 0x0E, 0x00, 0x06, 0x00, 0x07,
    0x00, 0x0C, 0x0F, 0x33, 0x80, 0x1C, 0x1F, 0xF1, 0x80, 0x18, 0x30, 0xE1, 0xC0, 0x18, 0x60, 0x60,
    0xC0, 0x30, 0x60, 0x60, 0xC0, 0x30, 0xC0, 0x60, 0xC0, 0x30, 0xC0, 0x60, 0xC0, 0x30, 0xC0, 0x60,
    0xC0, 0x30, 0xC0, 0x60, 0xC0, 0x30, 0xC0, 0xE1, 0x80, 0x30, 0xC0, 0xE1, 0x80, 0x18, 0x61, 0xF3,
    0x00, 0x18, 0x7F, 0x7F, 0x00, 0x1C, 0x1E, 0x3C, 0x00, 0x0E, 0x00, 0x00, 0x00, 0x07, 0x00, 0x00,
    0x00, 0x03, 0xC0, 0x30, 0x00, 0x01, 0xFF, 0xF0, 0x00, 0x00, 0x3F, 0xC0, 0x00, 0x00, 0x70, 0x00,
    0x00, 0xF8, 0x00, 0x00, 0xF8, 0x00, 0x01, 0xD8, 0x00, 0x01, 0xDC, 0x00, 0x01, 0xDC, 0x00, 0x03,
    0x8C, 0x00, 0x03, 0x8E, 0x00, 0x07, 0x8E, 0x00, 0x07, 0x07, 0x00, 0x0F, 0x07, 0x00, 0x0E, 0x07,
    0x00, 0x0E, 0x03, 0x80, 0x1F, 0xFF, 0x80, 0x1F, 0xFF, 0xC0, 0x38, 0x01, 0xC0, 0x38, 0x01, 0xC0,
    0x70, 0x00, 0xE0, 0x70, 0x00, 0xE0, 0x70, 0x00, 0xE0, 0xE0, 0x00, 0x70, 0x1F, 0xF8, 0x00, 0x1F,
    0xFC, 0x00, 0x1C, 0x1E, 0x00, 0x1C, 0x07, 0x00, 0x1C, 0x07, 0x00, 0x1C, 0x07, 0x00, 0x1C, 0x07,
    0x00, 0x1C, 0x0E, 0x00, 0x1C, 0x1C, 0x00, 0x1F, 0xF8, 0x00, 0x1F, 0xFE, 0x00, 0x1C, 0x0F, 0x00,
    0x1C, 0x07, 0x00, 0x1C, 0x03, 0x80, 0x1C, 0x03, 0x80, 0x1C, 0x03, 0x80, 0x1C, 0x03, 0x80, 0x1C,
    0x07, 0x00, 0x1C, 0x0F, 0x00, 0x1F, 0xFE, 0x00, 0x1F, 0xF8, 0x00, 0x00, 0xFE, 0x00, 0x03, 0xFF,
    0x80, 0x07, 0x81, 0x80, 0x0E, 0x00, 0x00, 0x1C, 0x00, 0x00, 0x38, 0x00, 0x00, 0x38, 0x00, 0x00,
    0x70, 0x00, 0x00, 0x70, 0x00, 0x00, 0x70, 0x00, 0x00, 0x70, 0x00, 0x00, 0x70, 0x00, 0x00, 0x70,
    0x00, 0x00, 0x70, 0x00, 0x00, 0x78, 0x00, 0x00, 0x38, 0x00, 0x00, 0x3C, 0x00, 0x00, 0x1E, 0x00,
    0x00, 0x0F, 0x81, 0x80, 0x07, 0xFF, 0x80, 0x01, 0xFE, 0x00, 0x1F, 0xF8, 0x00, 0x1F, 0xFE, 0x00,
    0x1C, 0x0F, 0x80, 0x1C, 0x03, 0xC0, 0x1C, 0x01, 0xC0, 0x1C, 0x00, 0xE0, 0x1C, 0x00, 0xE0, 0x1C,
    0x00, 0x70, 0x1C, 0x00, 0x70, 0x1C, 0x00, 0x70, 0x1C, 0x00, 0x70, 0x1C, 0x00, 0x70, 0x1C, 0x00,
    0x70, 0x1C, 0x00, 0x70, 0x1C, 0x00, 0xE0, 0x1C, 0x00, 0xE0, 0x1C, 0x01, 0xC0, 0x1C, 0x03, 0x80,
    0x1C, 0x0F, 0x00, 0x1F, 0xFE, 0x00, 0x1F, 0xF0, 0x00, 0x1F, 0xFC, 0x1F, 0xFC, 0x1C, 0x00, 0x1C,
    0x00, 0x1C, 0x00, 0x1C, 0x00, 0x1C, 0x00, 0x1C, 0x00, 0x1C, 0x00, 0x1F, 0xF8, 0x1F, 0xF8, 0x1C,
    0x00, 0x1C, 0x00, 0x1C, 0x00, 0x1C, 0x00, 0x1C, 0x00, 0x1C, 0x00, 0x1C, 0x00, 0x1C, 0x00, 0x1F,
    0xFC, 0x1F, 0xFC, 0x1F, 0xFC, 0x1F, 0xFC, 0x1C, 0x00, 0x1C, 0x00, 0x1C, 0x00, 0x1C, 0x00, 0x1C,
    0x00, 0x1C, 0x00, 0x1C, 0x00, 0x1F, 0xF8, 0x1F, 0xF8, 0x1C, 0x00, 0x1C, 0x00, 0x1C, 0x00, 0x1C,
    0x00, 0x1C, 0x00, 0x1C, 0x00, 0x1C, 0x00, 0x1C, 0x00, 0x1C, 0x00, 0x1C, 0x00, 0x00, 0xFE, 0x00,
    0x03, 0xFF, 0x80, 0x07, 0x81, 0xC0, 0x0E, 0x00, 0x40, 0x1C, 0x00, 0x00, 0x38, 0x00, 0x00, 0x38,
    0x00, 0x00, 0x70, 0x00, 0x00, 0x70, 0x00, 0x00, 0x70, 0x00, 0x00, 0x70, 0x1F, 0xE0, 0x70, 0x1F,
    0xE0, 0x70, 0x00, 0xE0, 0x70, 0x00, 0xE0, 0x38, 0x00, 0xE0, 0x38, 0x00, 0xE0, 0x3C, 0x00, 0xE0,
    0x1E, 0x00, 0xE0, 0x0F, 0x81, 0xE0, 0x03, 0xFF, 0xE0, 0x00, 0xFF, 0x00, 0x1C, 0x00, 0x70, 0x1C,
    0x00, 0x70, 0x1C, 0x00, 0x70, 0x1C, 0x00, 0x70, 0x1C, 0x00, 0x70, 0x1C, 0x00, 0x70, 0x1C, 0x00,
    0x70, 0x1C, 0x00, 0x70, 0x1C, 0x00, 0x70, 0x1F, 0xFF, 0xF0, 0x1F, 0xFF, 0xF0, 0x1C, 0x00, 0x70,
    0x1C, 0x00, 0x70, 0x1C, 0x00, 0x70, 0x1C, 0x00, 0x70, 0x1C, 0x00, 0x70, 0x1C, 0x00, 0x70, 0x1C,
    0x00, 0x70, 0x1C, 0x00, 0x70, 0x1C, 0x00, 0x70, 0x1C, 0x00, 0x70, 0x1C, 0x1C, 0x1C, 0x1C, 0x1C,
    0x1C, 0x1C, 0x1C, 0x1C, 0x1C, 0x1C, 0x1C, 0x1C, 0x1C, 0x1C, 0x1C, 0x1C, 0x1C, 0x1C, 0x1C, 0x1C,
    0x03, 0x80, 0x03, 0x80, 0x03, 0x80, 0x03, 0x80, 0x03, 0x80, 0x03, 0x80, 0x03, 0x80, 0x03, 0x80,
    0x03, 0x80, 0x03, 0x80, 0x03, 0x80, 0x03, 0x80, 0x03, 0x80, 0x03, 0x80, 0x03, 0x80, 0x03, 0x80,
    0x03, 0x80, 0x07, 0x00, 0x4F, 0x00, 0x7E, 0x00, 0x78, 0x00, 0x1C, 0x03, 0x80, 0x1C, 0x07, 0x00,
    0x1C, 0x0E, 0x00, 0x1C, 0x1C, 0x00, 0x1C, 0x38, 0x00, 0x1C, 0x70, 0x00, 0x1C, 0xE0, 0x00, 0x1D,
    0xC0, 0x00, 0x1D, 0x80, 0x00, 0x1F, 0x80, 0x00, 0x1F, 0x00, 0x00, 0x1F, 0x80, 0x00, 0x1D, 0xC0,
    0x00, 0x1C, 0xE0, 0x00, 0x1C, 0x70, 0x00, 0x1C, 0x78, 0x00, 0x1C, 0x3C, 0x00, 0x1C, 0x1E, 0x00,
    0x1C, 0x0F, 0x00, 0x1C, 0x07, 0x80, 0x1C, 0x03, 0xC0, 0x1C, 0x00, 0x1C, 0x00, 0x1C, 0x00, 0x1C,
    0x00, 0x1C, 0x00, 0x1C, 0x00, 0x1C, 0x00, 0x1C, 0x00, 0x1C, 0x00, 0x1C, 0x00, 0x1C, 0x00, 0x1C,
    0x00, 0x1C, 0x00, 0x1C, 0x00, 0x1C, 0x00, 0x1C, 0x00, 0x1C, 0x00, 0x1C, 0x00, 0x1C, 0x00, 0x1F,
    0xFC, 0x1F, 0xFC, 0x1E, 0x00, 0x07, 0x80, 0x1F, 0x00, 0x0F, 0x80, 0x1F, 0x00, 0x0F, 0x80, 0x1F,
    0x00, 0x0F, 0x80, 0x1D, 0x80, 0x1B, 0x80, 0x1D, 0x80, 0x1B, 0x80, 0x1D, 0xC0, 0x3B, 0x80, 0x1C,
    0xC0, 0x33, 0x80, 0x1C, 0xE0, 0x73, 0x80, 0x1C, 0x60, 0x73, 0x80, 0x1C, 0x60, 0x63, 0x80, 0x1C,
    0x70, 0xE3, 0x80, 0x1C, 0x30, 0xC3, 0x80, 0x1C, 0x39, 0xC3, 0x80, 0x1C, 0x39, 0xC3, 0x80, 0x1C,
    0x1D, 0x83, 0x80, 0x1C, 0x1F, 0x83, 0x80, 0x1C, 0x0F, 0x03, 0x80, 0x1C, 0x0F, 0x03, 0x80, 0x1C,
    0x0F, 0x03, 0x80, 0x1C, 0x06, 0x03, 0x80, 0x1E, 0x00, 0x38, 0x1F, 0x00, 0x38, 0x1F, 0x80, 0x38,
    0x1F, 0x80, 0x38, 0x1D, 0xC0, 0x38, 0x1D, 0xE0, 0x38, 0x1C, 0xE0, 0x38, 0x1C, 0x70, 0x38, 0x1C,
    0x78, 0x38, 0x1C, 0x38, 0x38, 0x1C, 0x1C, 0x38, 0x1C, 0x1E, 0x38, 0x1C, 0x0E, 0x38, 0x1C, 0x07,
    0x38, 0x1C, 0x07, 0xB8, 0x1C, 0x03, 0xB8, 0x1C, 0x01, 0xF8, 0x1C, 0x01, 0xF8, 0x1C, 0x00, 0xF8,
    0x1C, 0x00, 0xF8, 0x1C, 0x00, 0x78, 0x00, 0xFE, 0x00, 0x03, 0xFF, 0xC0, 0x0F, 0x83, 0xE0, 0x1E,
    0x00, 0xF0, 0x1C, 0x00, 0x78, 0x38, 0x00, 0x38, 0x38, 0x00, 0x38, 0x70, 0x00, 0x1C, 0x70, 0x00,
    0x1C, 0x70, 0x00, 0x1C, 0x70, 0x00, 0x1C, 0x70, 0x00, 0x1C, 0x70, 0x00, 0x1C, 0x70, 0x00, 0x1C,
    0x38, 0x00, 0x38, 0x38, 0x00, 0x38, 0x3C, 0x00, 0x70, 0x1E, 0x00, 0xF0, 0x0F, 0x83, 0xE0, 0x03,
    0xFF, 0x80, 0x00, 0xFE, 0x00, 0x1F, 0xF0, 0x00, 0x1F, 0xFC, 0x00, 0x1C, 0x1E, 0x00, 0x1C, 0x0F,
    0x00, 0x1C, 0x07, 0x00, 0x1C, 0x07, 0x00, 0x1C, 0x07, 0x00, 0x1C, 0x07, 0x00, 0x1C, 0x07, 0x00,
    0x1C, 0x0E, 0x00, 0x1C, 0x1E, 0x00, 0x1F, 0xFC, 0x00, 0x1F, 0xF0, 0x00, 0x1C, 0x00, 0x00, 0x1C,
    0x00, 0x00, 0x1C, 0x00, 0x00, 0x1C, 0x00, 0x00, 0x1C, 0x00, 0x00, 0x1C, 0x00, 0x00, 0x1C, 0x00,
    0x00, 0x1C, 0x00, 0x00, 0x00, 0xFE, 0x00, 0x03, 0xFF, 0xC0, 0x0F, 0x83, 0xE0, 0x1E, 0x00, 0xF0,
    0x1C, 0x00, 0x78, 0x38, 0x00, 0x38, 0x38, 0x00, 0x38, 0x70, 0x00, 0x1C, 0x70, 0x00, 0x1C, 0x70,
    0x00, 0x1C, 0x70, 0x00, 0x1C, 0x70, 0x00, 0x1C, 0x70, 0x00, 0x1C, 0x70, 0x00, 0x1C, 0x38, 0x00,
    0x38, 0x38, 0x00, 0x38, 0x3C, 0x00, 0x70, 0x1E, 0x00, 0xF0, 0x0F, 0x83, 0xE0, 0x03, 0xFF, 0xC0,
    0x00, 0xFF, 0xE0, 0x00, 0x00, 0xF8, 0x00, 0x00, 0x7C, 0x00, 0x00, 0x1E, 0x1F, 0xF8, 0x00, 0x1F,
    0xFC, 0x00, 0x1C, 0x1E, 0x00, 0x1C, 0x0F, 0x00, 0x1C, 0x07, 0x00, 0x1C, 0x07, 0x00, 0x1C, 0x07,
    0x00, 0x1C, 0x07, 0x00, 0x1C, 0x0E, 0x00, 0x1C, 0x1E, 0x00, 0x1F, 0xF8, 0x00, 0x1F, 0xF0, 0x00,
    0x1C, 0x38, 0x00, 0x1C, 0x1C, 0x00, 0x1C, 0x1C, 0x00, 0x1C, 0x0E, 0x00, 0x1C, 0x0E, 0x00, 0x1C,
    0x07, 0x00, 0x1C, 0x03, 0x80, 0x1C, 0x03, 0x80, 0x1C, 0x01, 0xC0, 0x03, 0xF8, 0x0F, 0xFC, 0x1E,
    0x0C, 0x38, 0x00, 0x38, 0x00, 0x38, 0x00, 0x38, 0x00, 0x3C, 0x00, 0x1F, 0x00, 0x0F, 0xC0, 0x03,
    0xF0, 0x01, 0xF8, 0x00, 0x7C, 0x00, 0x1E, 0x00, 0x0E, 0x00, 0x0E, 0x00, 0x0E, 0x20, 0x0E, 0x38,
    0x3C, 0x1F, 0xF8, 0x07, 0xE0, 0x7F, 0xFF, 0x7F, 0xFF, 0x01, 0xC0, 0x01, 0xC0, 0x01, 0xC0, 0x01,
    0xC0, 0x01, 0xC0, 0x01, 0xC0, 0x01, 0xC0, 0x01, 0xC0, 0x01, 0xC0, 0x01, 0xC0, 0x01, 0xC0, 0x01,
    0xC0, 0x01, 0xC0, 0x01, 0xC0, 0x01, 0xC0, 0x01, 0xC0, 0x01, 0xC0, 0x01, 0xC0, 0x01, 0xC0, 0x38,
    0x00, 0xE0, 0x38, 0x00, 0xE0, 0x38, 0x00, 0xE0, 0x38, 0x00, 0xE0, 0x38, 0x00, 0xE0, 0x38, 0x00,
    0xE0, 0x38, 0x00, 0xE0, 0x38, 0x00, 0xE0, 0x38, 0x00, 0xE0, 0x38, 0x00, 0xE0, 0x38, 0x00, 0xE0,
    0x38, 0x00, 0xE0, 0x38, 0x00, 0xE0, 0x38, 0x00, 0xE0, 0x38, 0x00, 0xE0, 0x38, 0x00, 0xE0, 0x1C,
    0x01, 0xC0, 0x1C, 0x01, 0xC0, 0x0F, 0x07, 0x80, 0x07, 0xFF, 0x00, 0x01, 0xFC, 0x00, 0xE0, 0x00,
    0xE0, 0x70, 0x01, 0xC0, 0x70, 0x01, 0xC0, 0x70, 0x01, 0xC0, 0x38, 0x03, 0x80, 0x38, 0x03, 0x80,
    0x38, 0x03, 0x80, 0x1C, 0x07, 0x00, 0x1C, 0x07, 0x00, 0x0C, 0x06, 0x00, 0x0E, 0x0E, 0x00, 0x0E,
    0x0E, 0x00, 0x07, 0x0C, 0x00, 0x07, 0x1C, 0x00, 0x03, 0x18, 0x00, 0x03, 0xB8, 0x00, 0x03, 0xB8,
    0x00, 0x01, 0xB0, 0x00, 0x01, 0xF0, 0x00, 0x01, 0xF0, 0x00, 0x00, 0xE0, 0x00, 0xE0, 0x07, 0x00,
    0x38, 0xE0, 0x07, 0x00, 0x38, 0x70, 0x0F, 0x80, 0x70, 0x70, 0x0F, 0x80, 0x70, 0x70, 0x0F, 0x80,
    0x70, 0x30, 0x1F, 0xC0, 0x60, 0x30, 0x19, 0xC0, 0x60, 0x38, 0x19, 0xC0, 0xE0, 0x38, 0x19, 0xC0,
    0xE0, 0x18, 0x30, 0xE0, 0xC0, 0x18, 0x30, 0xE0, 0xC0, 0x1C, 0x30, 0x61, 0xC0, 0x0C, 0x70, 0x71,
    0x80, 0x0C, 0x60, 0x71, 0x80, 0x0C, 0x60, 0x31, 0x80, 0x0E, 0x60, 0x31, 0x80, 0x06, 0xC0, 0x3B,
    0x00, 0x06, 0xC0, 0x1B, 0x00, 0x07, 0xC0, 0x1F, 0x00, 0x03, 0x80, 0x1E, 0x00, 0x03, 0x80, 0x0E,
    0x00, 0x70, 0x01, 0xC0, 0x38, 0x03, 0x80, 0x1C, 0x07, 0x00, 0x1C, 0x07, 0x00, 0x0E, 0x0E, 0x00,
    0x06, 0x1C, 0x00, 0x07, 0x1C, 0x00, 0x03, 0x38, 0x00, 0x01, 0xF0, 0x00, 0x01, 0xF0, 0x00, 0x00,
    0xE0, 0x00, 0x01, 0xF0, 0x00, 0x03, 0xB0, 0x00, 0x03, 0xB8, 0x00, 0x07, 0x1C, 0x00, 0x0E, 0x0C,
    0x00, 0x1C, 0x0E, 0x00, 0x1C, 0x07, 0x00, 0x38, 0x07, 0x00, 0x70, 0x03, 0x80, 0xE0, 0x01, 0xC0,
    0xE0, 0x03, 0x80, 0x70, 0x07, 0x00, 0x70, 0x07, 0x00, 0x38, 0x0E, 0x00, 0x3C, 0x0E, 0x00, 0x1C,
    0x1C, 0x00, 0x1E, 0x3C, 0x00, 0x0E, 0x38, 0x00, 0x0F, 0x78, 0x00, 0x07, 0x70, 0x00, 0x03, 0xE0,
    0x00, 0x03, 0xE0, 0x00, 0x01, 0xC0, 0x00, 0x01, 0xC0, 0x00, 0x01, 0xC0, 0x00, 0x01, 0xC0, 0x00,
    0x01, 0xC0, 0x00, 0x01, 0xC0, 0x00, 0x01, 0xC0, 0x00, 0x01, 0xC0, 0x00, 0x01, 0xC0, 0x00, 0x3F,
    0xFF, 0x00, 0x3F, 0xFE, 0x00, 0x00, 0x0E, 0x00, 0x00, 0x1C, 0x00, 0x00, 0x3C, 0x00, 0x00, 0x38,
    0x00, 0x00, 0x70, 0x00, 0x00, 0x70, 0x00, 0x00, 0xE0, 0x00, 0x00, 0xE0, 0x00, 0x01, 0xC0, 0x00,
    0x03, 0x80, 0x00, 0x03, 0x80, 0x00, 0x07, 0x00, 0x00, 0x07, 0x00, 0x00, 0x0E, 0x00, 0x00, 0x1C,
    0x00, 0x00, 0x1C, 0x00, 0x00, 0x38, 0x00, 0x00, 0x3F, 0xFF, 0x00, 0x7F, 0xFF, 0x00, 0x1F, 0x00,
    0x1F, 0x00, 0x18, 0x00, 0x18, 0x00, 0x18, 0x00, 0x18, 0x00, 0x18, 0x00, 0x18, 0x00, 0x18, 0x00,
    0x18, 0x00, 0x18, 0x00, 0x18, 0x00, 0x18, 0x00, 0x18, 0x00, 0x18, 0x00, 0x18, 0x00, 0x18, 0x00,
    0x18, 0x00, 0x18, 0x00, 0x18, 0x00, 0x18, 0x00, 0x18, 0x00, 0x18, 0x00, 0x18, 0x00, 0x1F, 0x00,
    0x1F, 0x00, 0xE0, 0x00, 0x70, 0x00, 0x70, 0x00, 0x70, 0x00, 0x38, 0x00, 0x38, 0x00, 0x18, 0x00,
    0x1C, 0x00, 0x1C, 0x00, 0x0C, 0x00, 0x0E, 0x00, 0x06, 0x00, 0x07, 0x00, 0x07, 0x00, 0x03, 0x00,
    0x03, 0x80, 0x01, 0x80, 0x01, 0x80, 0x01, 0xC0, 0x00, 0xC0, 0x00, 0xC0, 0x00, 0x60, 0x00, 0x60,
    0x00, 0x60, 0x00, 0x30, 0x7C, 0x00, 0x7C, 0x00, 0x0C, 0x00, 0x0C, 0x00, 0x0C, 0x00, 0x0C, 0x00,
    0x0C, 0x00, 0x0C, 0x00, 0x0C, 0x00, 0x0C, 0x00, 0x0C, 0x00, 0x0C, 0x00, 0x0C, 0x00, 0x0C, 0x00,
    0x0C, 0x00, 0x0C, 0x00, 0x0C, 0x00, 0x0C, 0x00, 0x0C, 0x00, 0x0C, 0x00, 0x0C, 0x00, 0x0C, 0x00,
    0x0C, 0x00, 0x0C, 0x00, 0x7C, 0x00, 0x7C, 0x00, 0x00, 0x20, 0x00, 0x00, 0x70, 0x00, 0x00, 0x70,
    0x00, 0x00, 0xD8, 0x00, 0x01, 0xDC, 0x00, 0x01, 0x8C, 0x00, 0x03, 0x06, 0x00, 0x03, 0x06, 0x00,
    0x06, 0x03, 0x00, 0x0E, 0x03, 0x80, 0x0C, 0x01, 0x80, 0x18, 0x00, 0xC0, 0x00, 0x00, 0x00, 0x00,
    0x00, 0x00, 0x00, 0x00, 0x00, 0x00, 0x00, 0x00, 0x00, 0x00, 0x00, 0x00, 0x00, 0x00, 0x00, 0x00,
    0x00, 0x00, 0x00, 0x00, 0x00, 0x00, 0x00, 0x00, 0x00, 0x00, 0x00, 0x00, 0x00, 0x00, 0x00, 0x00,
    0x00, 0xFF, 0xF8, 0xFF, 0xF8, 0x70, 0x38, 0x1C, 0x0C, 0x06, 0x00, 0x00, 0x00, 0x00, 0x00, 0x00,
    0x00, 0x00, 0x00, 0x00, 0x00, 0x00, 0x00, 0x00, 0x00, 0x00, 0x00, 0x00, 0x0F, 0xC0, 0x1F, 0xF0,
    0x30, 0x70, 0x20, 0x38, 0x00, 0x38, 0x00, 0xF8, 0x1F, 0xF8, 0x3F, 0x38, 0x78, 0x38, 0x70, 0x38,
    0x70, 0x38, 0x70, 0x78, 0x78, 0xF8, 0x3F, 0xB8, 0x1F, 0x38, 0x38, 0x00, 0x00, 0x38, 0x00, 0x00,
    0x38, 0x00, 0x00, 0x38, 0x00, 0x00, 0x38, 0x00, 0x00, 0x38, 0x00, 0x00, 0x38, 0x00, 0x00, 0x38,
    0xF8, 0x00, 0x3B, 0xFE, 0x00, 0x3F, 0x0F, 0x00, 0x3C, 0x07, 0x00, 0x38, 0x03, 0x80, 0x38, 0x03,
    0x80, 0x38, 0x03, 0x80, 0x38, 0x03, 0x80, 0x38, 0x03, 0x80, 0x38, 0x03, 0x80, 0x38, 0x07, 0x00,
    0x3C, 0x07, 0x00, 0x3E, 0x1E, 0x00, 0x3B, 0xFC, 0x00, 0x39, 0xF8, 0x00, 0x03, 0xF0, 0x0F, 0xF8,
    0x1E, 0x08, 0x3C, 0x00, 0x38, 0x00, 0x70, 0x00, 0x70, 0x00, 0x70, 0x00, 0x70, 0x00, 0x70, 0x00,
    0x78, 0x00, 0x38, 0x00, 0x1E, 0x08, 0x0F, 0xF8, 0x07, 0xF0, 0x00, 0x07, 0x00, 0x00, 0x07, 0x00,
    0x00, 0x07, 0x00, 0x00, 0x07, 0x00, 0x00, 0x07, 0x00, 0x00, 0x07, 0x00, 0x00, 0x07, 0x00, 0x07,
    0xE7, 0x00, 0x0F, 0xFF, 0x00, 0x1E, 0x1F, 0x00, 0x38, 0x0F, 0x00, 0x38, 0x07, 0x00, 0x70, 0x07,
    0x00, 0x70, 0x07, 0x00, 0x70, 0x07, 0x00, 0x70, 0x07, 0x00, 0x70, 0x07, 0x00, 0x78, 0x0F, 0x00,
    0x38, 0x0F, 0x00, 0x3C, 0x1F, 0x00, 0x1F, 0xF7, 0x00, 0x07, 0xE7, 0x00, 0x03, 0xE0, 0x0F, 0xF8,
    0x1C, 0x3C, 0x38, 0x1C, 0x30, 0x0E, 0x70, 0x0E, 0x7F, 0xFE, 0x7F, 0xFE, 0x70, 0x00, 0x70, 0x00,
    0x78, 0x00, 0x38, 0x04, 0x3E, 0x1C, 0x1F, 0xF8, 0x07, 0xE0, 0x03, 0xC0, 0x0F, 0xC0, 0x1E, 0x00,
    0x1C, 0x00, 0x1C, 0x00, 0x1C, 0x00, 0x1C, 0x00, 0xFF, 0x80, 0xFF, 0x80, 0x1C, 0x00, 0x1C, 0x00,
    0x1C, 0x00, 0x1C, 0x00, 0x1C, 0x00, 0x1C, 0x00, 0x1C, 0x00, 0x1C, 0x00, 0x1C, 0x00, 0x1C, 0x00,
    0x1C, 0x00, 0x1C, 0x00, 0x1C, 0x00, 0x07, 0xE7, 0x00, 0x0F, 0xF7, 0x00, 0x1C, 0x1F, 0x00, 0x38,
    0x0F, 0x00, 0x38, 0x07, 0x00, 0x70, 0x07, 0x00, 0x70, 0x07, 0x00, 0x70, 0x07, 0x00, 0x70, 0x07,
    0x00, 0x70, 0x07, 0x00, 0x78, 0x07, 0x00, 0x38, 0x0F, 0x00, 0x3C, 0x1F, 0x00, 0x1F, 0xF7, 0x00,
    0x07, 0xC7, 0x00, 0x00, 0x07, 0x00, 0x00, 0x07, 0x00, 0x00, 0x0E, 0x00, 0x00, 0x0E, 0x00, 0x30,
    0x3C, 0x00, 0x3F, 0xF8, 0x00, 0x0F, 0xE0, 0x00, 0x38, 0x00, 0x00, 0x38, 0x00, 0x00, 0x38, 0x00,
    0x00, 0x38, 0x00, 0x00, 0x38, 0x00, 0x00, 0x38, 0x00, 0x00, 0x38, 0x00, 0x00, 0x39, 0xF0, 0x00,
    0x3B, 0xFC, 0x00, 0x3E, 0x1C, 0x00, 0x3C, 0x1E, 0x00, 0x38, 0x0E, 0x00, 0x38, 0x0E, 0x00, 0x38,
    0x0E, 0x00, 0x38, 0x0E, 0x00, 0x38, 0x0E, 0x00, 0x38, 0x0E, 0x00, 0x38, 0x0E, 0x00, 0x38, 0x0E,
    0x00, 0x38, 0x0E, 0x00, 0x38, 0x0E, 0x00, 0x38, 0x0E, 0x00, 0x38, 0x38, 0x38, 0x00, 0x00, 0x00,
    0x00, 0x38, 0x38, 0x38, 0x38, 0x38, 0x38, 0x38, 0x38, 0x38, 0x38, 0x38, 0x38, 0x38, 0x38, 0x38,
    0x07, 0x00, 0x07, 0x00, 0x07, 0x00, 0x00, 0x00, 0x00, 0x00, 0x00, 0x00, 0x00, 0x00, 0x07, 0x00,
    0x07, 0x00, 0x07, 0x00, 0x07, 0x00, 0x07, 0x00, 0x07, 0x00, 0x07, 0x00, 0x07, 0x00, 0x07, 0x00,
    0x07, 0x00, 0x07, 0x00, 0x07, 0x00, 0x07, 0x00, 0x07, 0x00, 0x07, 0x00, 0x07, 0x00, 0x07, 0x00,
    0x07, 0x00, 0x0E, 0x00, 0x8E, 0x00, 0xFC, 0x00, 0x78, 0x00, 0x38, 0x00, 0x38, 0x00, 0x38, 0x00,
    0x38, 0x00, 0x38, 0x00, 0x38, 0x00, 0x38, 0x00, 0x38, 0x1C, 0x38, 0x38, 0x38, 0x70, 0x38, 0xE0,
    0x39, 0xC0, 0x3B, 0x80, 0x3F, 0x00, 0x3F, 0x00, 0x3B, 0x80, 0x3B, 0xC0, 0x39, 0xE0, 0x38, 0xF0,
    0x38, 0x78, 0x38, 0x3C, 0x38, 0x1E, 0x38, 0x38, 0x38, 0x38, 0x38, 0x38, 0x38, 0x38, 0x38, 0x38,
    0x38, 0x38, 0x38, 0x38, 0x38, 0x38, 0x38, 0x38, 0x38, 0x38, 0x38, 0x38, 0x39, 0xF0, 0x7C, 0x00,
    0x3B, 0xFD, 0xFE, 0x00, 0x3E, 0x3D, 0x8E, 0x00, 0x3C, 0x1F, 0x07, 0x00, 0x38, 0x0E, 0x07, 0x00,
    0x38, 0x0E, 0x07, 0x00, 0x38, 0x0E, 0x07, 0x00, 0x38, 0x0E, 0x07, 0x00, 0x38, 0x0E, 0x07, 0x00,
    0x38, 0x0E, 0x07, 0x00, 0x38, 0x0E, 0x07, 0x00, 0x38, 0x0E, 0x07, 0x00, 0x38, 0x0E, 0x07, 0x00,
    0x38, 0x0E, 0x07, 0x00, 0x38, 0x0E, 0x07, 0x00, 0x39, 0xF0, 0x00, 0x3B, 0xFC, 0x00, 0x3E, 0x3C,
    0x00, 0x3C, 0x1E, 0x00, 0x38, 0x0E, 0x00, 0x38, 0x0E, 0x00, 0x38, 0x0E, 0x00, 0x38, 0x0E, 0x00,
    0x38, 0x0E, 0x00, 0x38, 0x0E, 0x00, 0x38, 0x0E, 0x00, 0x38, 0x0E, 0x00, 0x38, 0x0E, 0x00, 0x38,
    0x0E, 0x00, 0x38, 0x0E, 0x00, 0x03, 0xF8, 0x00, 0x0F, 0xFC, 0x00, 0x1E, 0x1E, 0x00, 0x38, 0x07,
    0x00, 0x38, 0x07, 0x80, 0x70, 0x03, 0x80, 0x70, 0x03, 0x80, 0x70, 0x03, 0x80, 0x70, 0x03, 0x80,
    0x70, 0x03, 0x80, 0x78, 0x07, 0x00, 0x38, 0x07, 0x00, 0x1E, 0x0E, 0x00, 0x0F, 0xFC, 0x00, 0x03,
    0xF0, 0x00, 0x38, 0xF8, 0x00, 0x3B, 0xFE, 0x00, 0x3F, 0x0F, 0x00, 0x3C, 0x07, 0x00, 0x38, 0x03,
    0x80, 0x38, 0x03, 0x80, 0x38, 0x03, 0x80, 0x38, 0x03, 0x80, 0x38, 0x03, 0x80, 0x38, 0x03, 0x80,
    0x38, 0x07, 0x00, 0x3C, 0x07, 0x00, 0x3E, 0x1E, 0x00, 0x3B, 0xFC, 0x00, 0x39, 0xF8, 0x00, 0x38,
    0x00, 0x00, 0x38, 0x00, 0x00, 0x38, 0x00, 0x00, 0x38, 0x00, 0x00, 0x38, 0x00, 0x00, 0x38, 0x00,
    0x00, 0x38, 0x00, 0x00, 0x07, 0xE7, 0x00, 0x0F, 0xFF, 0x00, 0x1C, 0x1F, 0x00, 0x38, 0x0F, 0x00,
    0x38, 0x07, 0x00, 0x70, 0x07, 0x00, 0x70, 0x07, 0x00, 0x70, 0x07, 0x00, 0x70, 0x07, 0x00, 0x70,
    0x07, 0x00, 0x78, 0x07, 0x00, 0x38, 0x0F, 0x00, 0x3C, 0x1F, 0x00, 0x1F, 0xF7, 0x00, 0x07, 0xC7,
    0x00, 0x00, 0x07, 0x00, 0x00, 0x07, 0x00, 0x00, 0x07, 0x00, 0x00, 0x07, 0x00, 0x00, 0x07, 0x00,
    0x00, 0x07, 0x00, 0x00, 0x07, 0x00, 0x39, 0xE0, 0x3B, 0xE0, 0x3E, 0x00, 0x3C, 0x00, 0x3C, 0x00,
    0x38, 0x00, 0x38, 0x00, 0x38, 0x00, 0x38, 0x00, 0x38, 0x00, 0x38, 0x00, 0x38, 0x00, 0x38, 0x00,
    0x38, 0x00, 0x38, 0x00, 0x07, 0xC0, 0x1F, 0xE0, 0x3C, 0x20, 0x38, 0x00, 0x38, 0x00, 0x3C, 0x00,
    0x1F, 0x00, 0x0F, 0xC0, 0x03, 0xE0, 0x00, 0xF0, 0x00, 0x70, 0x00, 0x70, 0x20, 0xF0, 0x3F, 0xE0,
    0x1F, 0x80, 0x0C, 0x00, 0x1C, 0x00, 0x1C, 0x00, 0x1C, 0x00, 0xFF, 0x80, 0xFF, 0x80, 0x1C, 0x00,
    0x1C, 0x00, 0x1C, 0x00, 0x1C, 0x00, 0x1C, 0x00, 0x1C, 0x00, 0x1C, 0x00, 0x1C, 0x00, 0x1C, 0x00,
    0x1C, 0x00, 0x1E, 0x00, 0x0F, 0x80, 0x07, 0x00, 0x38, 0x0E, 0x00, 0x38, 0x0E, 0x00, 0x38, 0x0E,
    0x00, 0x38, 0x0E, 0x00, 0x38, 0x0E, 0x00, 0x38, 0x0E, 0x00, 0x38, 0x0E, 0x00, 0x38, 0x0E, 0x00,
    0x38, 0x0E, 0x00, 0x38, 0x0E, 0x00, 0x38, 0x0E, 0x00, 0x3C, 0x1E, 0x00, 0x1E, 0x3E, 0x00, 0x1F,
    0xEE, 0x00, 0x07, 0xCE, 0x00, 0xE0, 0x0E, 0x70, 0x1C, 0x70, 0x1C, 0x70, 0x1C, 0x38, 0x38, 0x38,
    0x38, 0x18, 0x30, 0x1C, 0x70, 0x1C, 0x70, 0x0E, 0x60, 0x0E, 0xE0, 0x06, 0xC0, 0x07, 0xC0, 0x07,
    0xC0, 0x03, 0x80, 0xE0, 0x30, 0x1C, 0xF0, 0x30, 0x1C, 0x70, 0x78, 0x38, 0x70, 0x78, 0x38, 0x78,
    0x78, 0x38, 0x38, 0x6C, 0x70, 0x38, 0xCC, 0x70, 0x3C, 0xCC, 0x70, 0x1C, 0xCE, 0x60, 0x1C, 0x86,
    0xE0, 0x1F, 0x86, 0xE0, 0x0F, 0x86, 0xC0, 0x0F, 0x87, 0xC0, 0x0F, 0x03, 0xC0, 0x07, 0x03, 0x80,
    0xE0, 0x1C, 0x70, 0x38, 0x38, 0x70, 0x18, 0x60, 0x1C, 0xE0, 0x0D, 0xC0, 0x07, 0x80, 0x07, 0x00,
    0x07, 0x80, 0x0F, 0xC0, 0x1C, 0xE0, 0x18, 0x60, 0x38, 0x70, 0x70, 0x38, 0xE0, 0x1C, 0xE0, 0x0E,
    0x70, 0x1C, 0x70, 0x1C, 0x70, 0x1C, 0x38, 0x38, 0x38, 0x38, 0x18, 0x30, 0x1C, 0x70, 0x1C, 0x60,
    0x0C, 0x60, 0x0E, 0xE0, 0x06, 0xC0, 0x06, 0xC0, 0x07, 0x80, 0x03, 0x80, 0x03, 0x80, 0x03, 0x00,
    0x07, 0x00, 0x06, 0x00, 0x0E, 0x00, 0x7C, 0x00, 0x78, 0x00, 0x7F, 0xF8, 0x7F, 0xF0, 0x00, 0x70,
    0x00, 0xE0, 0x01, 0xC0, 0x01, 0x80, 0x03, 0x80, 0x07, 0x00, 0x0E, 0x00, 0x0C, 0x00, 0x1C, 0x00,
    0x38, 0x00, 0x70, 0x00, 0x7F, 0xF8, 0xFF, 0xF8, 0x03, 0x00, 0x07, 0x00, 0x0E, 0x00, 0x0C, 0x00,
    0x0C, 0x00, 0x0C, 0x00, 0x0C, 0x00, 0x0C, 0x00, 0x0C, 0x00, 0x0C, 0x00, 0x0C, 0x00, 0x1C, 0x00,
    0x38, 0x00, 0x38, 0x00, 0x1C, 0x00, 0x0C, 0x00, 0x0C, 0x00, 0x0C, 0x00, 0x0C, 0x00, 0x0C, 0x00,
    0x0C, 0x00, 0x0C, 0x00, 0x0C, 0x00, 0x0E, 0x00, 0x07, 0x00, 0x03, 0x00, 0x18, 0x18, 0x18, 0x18,
    0x18, 0x18, 0x18, 0x18, 0x18, 0x18, 0x18, 0x18, 0x18, 0x18, 0x18, 0x18, 0x18, 0x18, 0x18, 0x18,
    0x18, 0x18, 0x18, 0x18, 0x18, 0x18, 0x18, 0x18, 0x18, 0x18, 0x60, 0x00, 0x70, 0x00, 0x38, 0x00,
    0x18, 0x00, 0x18, 0x00, 0x18, 0x00, 0x18, 0x00, 0x18, 0x00, 0x18, 0x00, 0x18, 0x00, 0x18, 0x00,
    0x1C, 0x00, 0x0E, 0x00, 0x0E, 0x00, 0x1C, 0x00, 0x18, 0x00, 0x18, 0x00, 0x18, 0x00, 0x18, 0x00,
    0x18, 0x00, 0x18, 0x00, 0x18, 0x00, 0x18, 0x00, 0x38, 0x00, 0x70, 0x00, 0x60, 0x00, 0x07, 0x80,
    0xC0, 0x0F, 0xE0, 0xC0, 0x0C, 0x79, 0x80, 0x18, 0x3F, 0x80, 0x18, 0x0F, 0x00, 0x00, 0x00, 0x00,
    0x00, 0x00, 0x00, 0x00, 0x00, 0x00, 0x00, 0x00, 0x00, 0x00, 0x00, 0x00, 0x00, 0x00, 0x00, 0x0F,
    0x00, 0x1F, 0x80, 0x39, 0xC0, 0x30, 0xC0, 0x30, 0xC0, 0x39, 0xC0, 0x1F, 0x80, 0x0F, 0x00, 0x00,
    0x00, 0x00, 0x00, 0x00, 0x00, 0x00, 0x00, 0x00, 0x00, 0x00, 0x00, 0x00, 0x00, 0x00, 0x00, 0x00,
    0x00, 0x00, 0x00, 0x00, 0x00, 0x00, 0x00, 0x00, 0x00, 0x03, 0x00, 0x03, 0x00, 0x07, 0x80, 0x0F,
    0xC0, 0x0F, 0xC0, 0x1B, 0x60, 0x23, 0x10, 0x03, 0x00, 0x03, 0x00, 0x03, 0x00, 0x03, 0x00, 0x03,
    0x00, 0x03, 0x00, 0x03, 0x00, 0x03, 0x00, 0x03, 0x00, 0x03, 0x00, 0x03, 0x00, 0x03, 0x00, 0x03,
    0x00, 0x03, 0x00, 0x03, 0x00, 0x03, 0x00, 0x03, 0x00, 0x03, 0x00, 0x03, 0x00, 0x03, 0x00, 0x03,
    0x00, 0x03, 0x00, 0x03, 0x00, 0x03, 0x00, 0x03, 0x00, 0x03, 0x00, 0x03, 0x00, 0x03, 0x00, 0x03,
    0x00, 0x03, 0x00, 0x03, 0x00, 0x03, 0x00, 0x03, 0x00, 0x03, 0x00, 0x23, 0x10, 0x3B, 0x70, 0x1F,
    0xC0, 0x0F, 0xC0, 0x07, 0x80, 0x03, 0x00, 0x02, 0x00,
};

/* ---------- ui_font_ascii10: 10px, 98 个字形 ---------- */
static const UiGlyph g_ascii10[] = {
    {0x0020, 3, 0, 0, 0, 0, 0},        /* 空白 */
    {0x0021, 3, 3, 7, 0, -7, 0},
    {0x0022, 4, 4, 7, 0, -7, 7},
    {0x0023, 6, 6, 7, 0, -7, 14},
    {0x0024, 5, 5, 9, 0, -8, 21},
    {0x0025, 8, 8, 7, 0, -7, 30},
    {0x0026, 8, 8, 7, 0, -7, 37},
    {0x0027, 2, 2, 7, 0, -7, 44},
    {0x0028, 3, 3, 9, 0, -7, 51},
    {0x0029, 3, 3, 9, 0, -7, 60},
    {0x002A, 4, 4, 7, 0, -7, 69},
    {0x002B, 7, 7, 5, 0, -5, 76},
    {0x002C, 2, 2, 2, 0, -1, 81},
    {0x002D, 4, 4, 3, 0, -3, 83},
    {0x002E, 2, 2, 1, 0, -1, 86},
    {0x002F, 4, 4, 8, 0, -7, 87},
    {0x0030, 5, 5, 7, 0, -7, 95},
    {0x0031, 5, 5, 7, 0, -7, 102},
    {0x0032, 5, 6, 7, 0, -7, 109},
    {0x0033, 5, 5, 7, 0, -7, 116},
    {0x0034, 5, 6, 7, 0, -7, 123},
    {0x0035, 5, 5, 7, 0, -7, 130},
    {0x0036, 5, 5, 7, 0, -7, 137},
    {0x0037, 5, 5, 7, 0, -7, 144},
    {0x0038, 5, 5, 7, 0, -7, 151},
    {0x0039, 5, 5, 7, 0, -7, 158},
    {0x003A, 2, 2, 5, 0, -5, 165},
    {0x003B, 2, 2, 6, 0, -5, 170},
    {0x003C, 7, 7, 6, 0, -6, 176},
    {0x003D, 7, 7, 4, 0, -4, 182},
    {0x003E, 7, 7, 6, 0, -6, 186},
    {0x003F, 4, 4, 7, 0, -7, 192},
    {0x0040, 10, 10, 8, 0, -7, 199},
    {0x0041, 6, 6, 7, 0, -7, 215},
    {0x0042, 6, 6, 7, 0, -7, 222},
    {0x0043, 6, 6, 7, 0, -7, 229},
    {0x0044, 7, 7, 7, 0, -7, 236},
    {0x0045, 5, 5, 7, 0, -7, 243},
    {0x0046, 5, 5, 7, 0, -7, 250},
    {0x0047, 7, 7, 7, 0, -7, 257},
    {0x0048, 7, 7, 7, 0, -7, 264},
    {0x0049, 3, 3, 7, 0, -7, 271},
    {0x004A, 4, 4, 7, 0, -7, 278},
    {0x004B, 6, 6, 7, 0, -7, 285},
    {0x004C, 5, 5, 7, 0, -7, 292},
    {0x004D, 9, 9, 7, 0, -7, 299},
    {0x004E, 7, 7, 7, 0, -7, 313},
    {0x004F, 8, 8, 7, 0, -7, 320},
    {0x0050, 6, 6, 7, 0, -7, 327},
    {0x0051, 8, 8, 8, 0, -7, 334},
    {0x0052, 6, 6, 7, 0, -7, 342},
    {0x0053, 5, 5, 7, 0, -7, 349},
    {0x0054, 5, 5, 7, 0, -7, 356},
    {0x0055, 7, 7, 7, 0, -7, 363},
    {0x0056, 6, 6, 7, 0, -7, 370},
    {0x0057, 9, 9, 7, 0, -7, 377},
    {0x0058, 6, 6, 7, 0, -7, 391},
    {0x0059, 6, 6, 7, 0, -7, 398},
    {0x005A, 6, 6, 7, 0, -7, 405},
    {0x005B, 3, 3, 9, 0, -7, 412},
    {0x005C, 4, 4, 8, 0, -7, 421},
    {0x005D, 3, 3, 9, 0, -7, 429},
    {0x005E, 7, 7, 7, 0, -7, 438},
    {0x005F, 4, 4, 1, 0, 0, 445},
    {0x0060, 3, 3, 8, 0, -8, 446},
    {0x0061, 5, 5, 5, 0, -5, 454},
    {0x0062, 6, 6, 7, 0, -7, 459},
    {0x0063, 5, 5, 5, 0, -5, 466},
    {0x0064, 6, 6, 7, 0, -7, 471},
    {0x0065, 5, 5, 5, 0, -5, 478},
    {0x0066, 3, 3, 7, 0, -7, 483},
    {0x0067, 6, 6, 7, 0, -5, 490},
    {0x0068, 6, 6, 7, 0, -7, 497},
    {0x0069, 2, 2, 7, 0, -7, 504},
    {0x006A, 2, 3, 9, -1, -7, 511},
    {0x006B, 5, 5, 7, 0, -7, 520},
    {0x006C, 2, 2, 7, 0, -7, 527},
    {0x006D, 9, 9, 5, 0, -5, 534},
    {0x006E, 6, 6, 5, 0, -5, 544},
    {0x006F, 6, 6, 5, 0, -5, 549},
    {0x0070, 6, 6, 7, 0, -5, 554},
    {0x0071, 6, 6, 7, 0, -5, 561},
    {0x0072, 3, 3, 5, 0, -5, 568},
    {0x0073, 4, 4, 5, 0, -5, 573},
    {0x0074, 3, 3, 6, 0, -6, 578},
    {0x0075, 6, 6, 5, 0, -5, 584},
    {0x0076, 5, 5, 5, 0, -5, 589},
    {0x0077, 7, 7, 5, 0, -5, 594},
    {0x0078, 5, 6, 5, 0, -5, 599},
    {0x0079, 5, 5, 7, 0, -5, 604},
    {0x007A, 5, 5, 5, 0, -5, 611},
    {0x007B, 3, 3, 9, 0, -7, 616},
    {0x007C, 2, 2, 10, 0, -8, 625},
    {0x007D, 3, 3, 9, 0, -7, 635},
    {0x007E, 7, 7, 4, 0, -4, 644},
    {0x00B0, 4, 4, 7, 0, -7, 648},
    {0x2191, 5, 5, 7, 0, -7, 655},
    {0x2193, 5, 5, 7, 0, -7, 662},
};

static const uint8_t b_ascii10[] = {
    0x40, 0x40, 0x40, 0x40, 0x40, 0x00, 0x40, 0x50, 0x50, 0x00, 0x00, 0x00, 0x00, 0x00, 0x28, 0x28,
    0xFC, 0x50, 0xFC, 0x50, 0x50, 0x10, 0x38, 0x50, 0x50, 0x30, 0x18, 0x18, 0x78, 0x10, 0x62, 0x94,
    0x98, 0x76, 0x19, 0x29, 0x46, 0x38, 0x28, 0x31, 0x29, 0x46, 0x42, 0x3D, 0x40, 0x40, 0x00, 0x00,
    0x00, 0x00, 0x00, 0x20, 0x40, 0x40, 0x40, 0x40, 0x40, 0x40, 0x40, 0x20, 0x80, 0x40, 0x40, 0x40,
    0x40, 0x40, 0x40, 0x40, 0x80, 0x20, 0x70, 0x20, 0x50, 0x00, 0x00, 0x00, 0x10, 0x10, 0x7C, 0x10,
    0x10, 0x40, 0x80, 0x60, 0x00, 0x00, 0x40, 0x10, 0x20, 0x20, 0x20, 0x40, 0x40, 0x80, 0x80, 0x70,
    0x88, 0x88, 0x88, 0x88, 0x88, 0x70, 0x10, 0x70, 0x10, 0x10, 0x10, 0x10, 0x10, 0x30, 0x48, 0x08,
    0x10, 0x20, 0x40, 0x78, 0x70, 0x08, 0x08, 0x30, 0x08, 0x08, 0x70, 0x10, 0x30, 0x50, 0x50, 0x90,
    0xF8, 0x10, 0x78, 0x40, 0x40, 0x70, 0x08, 0x08, 0x70, 0x38, 0x40, 0x70, 0x48, 0x48, 0x48, 0x30,
    0xF8, 0x10, 0x10, 0x20, 0x20, 0x40, 0x40, 0x70, 0x88, 0x88, 0x70, 0x88, 0x88, 0x70, 0x70, 0x88,
    0x88, 0x88, 0x78, 0x10, 0xF0, 0x40, 0x00, 0x00, 0x00, 0x40, 0x40, 0x00, 0x00, 0x00, 0x40, 0x80,
    0x04, 0x18, 0x60, 0x30, 0x0C, 0x00, 0x7C, 0x00, 0x7C, 0x00, 0x40, 0x30, 0x0C, 0x18, 0x60, 0x00,
    0x70, 0x10, 0x10, 0x20, 0x20, 0x00, 0x20, 0x1E, 0x00, 0x21, 0x00, 0x4E, 0x80, 0x52, 0x80, 0x52,
    0x80, 0x5F, 0x00, 0x20, 0x00, 0x1E, 0x00, 0x30, 0x30, 0x50, 0x48, 0x78, 0x88, 0x84, 0x78, 0x48,
    0x48, 0x70, 0x48, 0x48, 0x70, 0x38, 0x40, 0x80, 0x80, 0x80, 0xC0, 0x78, 0x7C, 0x46, 0x42, 0x42,
    0x42, 0x44, 0x78, 0x78, 0x40, 0x40, 0x78, 0x40, 0x40, 0x78, 0x78, 0x40, 0x40, 0x78, 0x40, 0x40,
    0x40, 0x3C, 0x40, 0x80, 0x9C, 0x84, 0x44, 0x38, 0x44, 0x44, 0x44, 0x7C, 0x44, 0x44, 0x44, 0x40,
    0x40, 0x40, 0x40, 0x40, 0x40, 0x40, 0x20, 0x20, 0x20, 0x20, 0x20, 0x20, 0xC0, 0x44, 0x48, 0x50,
    0x60, 0x50, 0x48, 0x4C, 0x40, 0x40, 0x40, 0x40, 0x40, 0x40, 0x70, 0x41, 0x00, 0x63, 0x00, 0x63,
    0x00, 0x55, 0x00, 0x55, 0x00, 0x59, 0x00, 0x49, 0x00, 0x44, 0x64, 0x64, 0x54, 0x54, 0x4C, 0x44,
    0x3C, 0x42, 0x81, 0x81, 0x81, 0x42, 0x3C, 0x78, 0x44, 0x44, 0x44, 0x78, 0x40, 0x40, 0x38, 0x44,
    0x82, 0x82, 0x82, 0xC4, 0x7C, 0x06, 0x70, 0x48, 0x48, 0x70, 0x50, 0x48, 0x44, 0x38, 0x40, 0x40,
    0x30, 0x08, 0x08, 0x70, 0xF8, 0x20, 0x20, 0x20, 0x20, 0x20, 0x20, 0x44, 0x44, 0x44, 0x44, 0x44,
    0x44, 0x38, 0x84, 0x88, 0x48, 0x48, 0x50, 0x30, 0x30, 0x88, 0x80, 0x98, 0x80, 0x55, 0x00, 0x55,
    0x00, 0x55, 0x00, 0x66, 0x00, 0x22, 0x00, 0x84, 0x48, 0x30, 0x30, 0x30, 0x48, 0x84, 0x84, 0x48,
    0x28, 0x10, 0x10, 0x10, 0x10, 0xFC, 0x08, 0x10, 0x20, 0x20, 0x40, 0xFC, 0x60, 0x40, 0x40, 0x40,
    0x40, 0x40, 0x40, 0x40, 0x60, 0x80, 0x80, 0x40, 0x40, 0x20, 0x20, 0x20, 0x10, 0xC0, 0x40, 0x40,
    0x40, 0x40, 0x40, 0x40, 0x40, 0xC0, 0x10, 0x30, 0x28, 0x44, 0x00, 0x00, 0x00, 0xF0, 0x80, 0x40,
    0x00, 0x00, 0x00, 0x00, 0x00, 0x00, 0xF0, 0x10, 0x70, 0x90, 0xF0, 0x40, 0x40, 0x58, 0x64, 0x44,
    0x44, 0x78, 0x70, 0x80, 0x80, 0x80, 0x70, 0x08, 0x08, 0x78, 0x88, 0x88, 0x88, 0x78, 0x70, 0x88,
    0xF8, 0x80, 0x78, 0x60, 0x40, 0xE0, 0x40, 0x40, 0x40, 0x40, 0x78, 0x88, 0x88, 0x88, 0x78, 0x08,
    0xF0, 0x40, 0x40, 0x78, 0x48, 0x48, 0x48, 0x48, 0x40, 0x00, 0x40, 0x40, 0x40, 0x40, 0x40, 0x20,
    0x00, 0x20, 0x20, 0x20, 0x20, 0x20, 0x20, 0xC0, 0x40, 0x40, 0x48, 0x50, 0x60, 0x50, 0x58, 0x40,
    0x40, 0x40, 0x40, 0x40, 0x40, 0x40, 0x77, 0x00, 0x49, 0x00, 0x49, 0x00, 0x49, 0x00, 0x49, 0x00,
    0x78, 0x48, 0x48, 0x48, 0x48, 0x78, 0x84, 0x84, 0x84, 0x78, 0x58, 0x64, 0x44, 0x44, 0x78, 0x40,
    0x40, 0x78, 0x88, 0x88, 0x88, 0x78, 0x08, 0x08, 0x60, 0x40, 0x40, 0x40, 0x40, 0x70, 0x40, 0x20,
    0x10, 0x70, 0x40, 0xE0, 0x40, 0x40, 0x40, 0x60, 0x48, 0x48, 0x48, 0x48, 0x78, 0x88, 0x90, 0x50,
    0x50, 0x20, 0x92, 0xB2, 0x6C, 0x6C, 0x44, 0x88, 0x50, 0x20, 0x50, 0x88, 0x88, 0x90, 0x50, 0x50,
    0x20, 0x20, 0xC0, 0xF8, 0x10, 0x20, 0x40, 0xF8, 0x60, 0x40, 0x40, 0x40, 0x80, 0x40, 0x40, 0x40,
    0x60, 0x40, 0x40, 0x40, 0x40, 0x40, 0x40, 0x40, 0x40, 0x40, 0x40, 0xC0, 0x40, 0x40, 0x40, 0x20,
    0x40, 0x40, 0x40, 0xC0, 0x24, 0x58, 0x00, 0x00, 0xE0, 0xA0, 0xE0, 0x00, 0x00, 0x00, 0x00, 0x20,
    0x70, 0x20, 0x20, 0x20, 0x20, 0x20, 0x20, 0x20, 0x20, 0x20, 0x20, 0x70, 0x20,
};

/* ---------- ui_font_clock48: 48px, 12 个字形 ---------- */
static const UiGlyph g_clock48[] = {
    {0x002D, 19, 19, 15, 0, -15, 0},
    {0x0030, 26, 26, 34, 0, -34, 45},
    {0x0031, 26, 26, 34, 0, -34, 181},
    {0x0032, 26, 26, 34, 0, -34, 317},
    {0x0033, 26, 26, 34, 0, -34, 453},
    {0x0034, 26, 26, 34, 0, -34, 589},
    {0x0035, 26, 26, 34, 0, -34, 725},
    {0x0036, 26, 26, 34, 0, -34, 861},
    {0x0037, 26, 26, 34, 0, -34, 997},
    {0x0038, 26, 26, 34, 0, -34, 1133},
    {0x0039, 26, 26, 34, 0, -34, 1269},
    {0x003A, 10, 10, 25, 0, -25, 1405},
};

static const uint8_t b_clock48[] = {
    0x1F, 0xFF, 0x00, 0x1F, 0xFF, 0x00, 0x00, 0x00, 0x00, 0x00, 0x00, 0x00, 0x00, 0x00, 0x00, 0x00,
    0x00, 0x00, 0x00, 0x00, 0x00, 0x00, 0x00, 0x00, 0x00, 0x00, 0x00, 0x00, 0x00, 0x00, 0x00, 0x00,
    0x00, 0x00, 0x00, 0x00, 0x00, 0x00, 0x00, 0x00, 0x00, 0x00, 0x00, 0x00, 0x00, 0x00, 0x3F, 0x80,
    0x00, 0x00, 0xFF, 0xE0, 0x00, 0x01, 0xFF, 0xF0, 0x00, 0x03, 0xE1, 0xF8, 0x00, 0x07, 0x80, 0x7C,
    0x00, 0x0F, 0x00, 0x3C, 0x00, 0x0F, 0x00, 0x3C, 0x00, 0x1E, 0x00, 0x1E, 0x00, 0x1E, 0x00, 0x1E,
    0x00, 0x1E, 0x00, 0x1E, 0x00, 0x1E, 0x00, 0x1F, 0x00, 0x3C, 0x00, 0x0F, 0x00, 0x3C, 0x00, 0x0F,
    0x00, 0x3C, 0x00, 0x0F, 0x00, 0x3C, 0x00, 0x0F, 0x00, 0x3C, 0x00, 0x0F, 0x00, 0x3C, 0x00, 0x0F,
    0x00, 0x3C, 0x00, 0x0F, 0x00, 0x3C, 0x00, 0x0F, 0x00, 0x3C, 0x00, 0x0F, 0x00, 0x3C, 0x00, 0x0F,
    0x00, 0x3C, 0x00, 0x0F, 0x00, 0x3C, 0x00, 0x0F, 0x00, 0x3C, 0x00, 0x0E, 0x00, 0x1E, 0x00, 0x1E,
    0x00, 0x1E, 0x00, 0x1E, 0x00, 0x1E, 0x00, 0x1E, 0x00, 0x0F, 0x00, 0x3C, 0x00, 0x0F, 0x00, 0x3C,
    0x00, 0x07, 0x80, 0x78, 0x00, 0x07, 0xE1, 0xF0, 0x00, 0x03, 0xFF, 0xE0, 0x00, 0x01, 0xFF, 0xC0,
    0x00, 0x00, 0x7F, 0x00, 0x00, 0x00, 0x01, 0x80, 0x00, 0x00, 0x07, 0x80, 0x00, 0x00, 0x1F, 0x80,
    0x00, 0x00, 0x7F, 0x80, 0x00, 0x01, 0xFF, 0x80, 0x00, 0x07, 0xF7, 0x80, 0x00, 0x07, 0xE7, 0x80,
    0x00, 0x07, 0x87, 0x80, 0x00, 0x06, 0x07, 0x80, 0x00, 0x00, 0x07, 0x80, 0x00, 0x00, 0x07, 0x80,
    0x00, 0x00, 0x07, 0x80, 0x00, 0x00, 0x07, 0x80, 0x00, 0x00, 0x07, 0x80, 0x00, 0x00, 0x07, 0x80,
    0x00, 0x00, 0x07, 0x80, 0x00, 0x00, 0x07, 0x80, 0x00, 0x00, 0x07, 0x80, 0x00, 0x00, 0x07, 0x80,
    0x00, 0x00, 0x07, 0x80, 0x00, 0x00, 0x07, 0x80, 0x00, 0x00, 0x07, 0x80, 0x00, 0x00, 0x07, 0x80,
    0x00, 0x00, 0x07, 0x80, 0x00, 0x00, 0x07, 0x80, 0x00, 0x00, 0x07, 0x80, 0x00, 0x00, 0x07, 0x80,
    0x00, 0x00, 0x07, 0x80, 0x00, 0x00, 0x07, 0x80, 0x00, 0x00, 0x07, 0x80, 0x00, 0x00, 0x07, 0x80,
    0x00, 0x00, 0x07, 0x80, 0x00, 0x00, 0x07, 0x80, 0x00, 0x00, 0x07, 0x80, 0x00, 0x00, 0x7F, 0x00,
    0x00, 0x03, 0xFF, 0xC0, 0x00, 0x07, 0xFF, 0xE0, 0x00, 0x0F, 0x81, 0xF0, 0x00, 0x0E, 0x00, 0xF8,
    0x00, 0x0C, 0x00, 0x78, 0x00, 0x08, 0x00, 0x7C, 0x00, 0x00, 0x00, 0x3C, 0x00, 0x00, 0x00, 0x3C,
    0x00, 0x00, 0x00, 0x3C, 0x00, 0x00, 0x00, 0x3C, 0x00, 0x00, 0x00, 0x3C, 0x00, 0x00, 0x00, 0x3C,
    0x00, 0x00, 0x00, 0x78, 0x00, 0x00, 0x00, 0x78, 0x00, 0x00, 0x00, 0xF0, 0x00, 0x00, 0x01, 0xF0,
    0x00, 0x00, 0x03, 0xE0, 0x00, 0x00, 0x07, 0xC0, 0x00, 0x00, 0x0F, 0x80, 0x00, 0x00, 0x3F, 0x00,
    0x00, 0x00, 0x7C, 0x00, 0x00, 0x00, 0xF8, 0x00, 0x00, 0x01, 0xF0, 0x00, 0x00, 0x03, 0xE0, 0x00,
    0x00, 0x07, 0xC0, 0x00, 0x00, 0x0F, 0x80, 0x00, 0x00, 0x0F, 0x00, 0x00, 0x00, 0x1E, 0x00, 0x00,
    0x00, 0x1E, 0x00, 0x00, 0x00, 0x1E, 0x00, 0x00, 0x00, 0x1F, 0xFF, 0xFE, 0x00, 0x1F, 0xFF, 0xFE,
    0x00, 0x1F, 0xFF, 0xFE, 0x00, 0x00, 0xFF, 0x00, 0x00, 0x07, 0xFF, 0xC0, 0x00, 0x0F, 0xFF, 0xF0,
    0x00, 0x0F, 0x01, 0xF8, 0x00, 0x08, 0x00, 0xF8, 0x00, 0x00, 0x00, 0x7C, 0x00, 0x00, 0x00, 0x3C,
    0x00, 0x00, 0x00, 0x3C, 0x00, 0x00, 0x00, 0x3C, 0x00, 0x00, 0x00, 0x3C, 0x00, 0x00, 0x00, 0x3C,
    0x00, 0x00, 0x00, 0x78, 0x00, 0x00, 0x00, 0x78, 0x00, 0x00, 0x00, 0xF0, 0x00, 0x00, 0x03, 0xE0,
    0x00, 0x03, 0xFF, 0x80, 0x00, 0x03, 0xFF, 0x00, 0x00, 0x03, 0xFF, 0xE0, 0x00, 0x00, 0x03, 0xF0,
    0x00, 0x00, 0x00, 0xF8, 0x00, 0x00, 0x00, 0x3C, 0x00, 0x00, 0x00, 0x3E, 0x00, 0x00, 0x00, 0x1E,
    0x00, 0x00, 0x00, 0x1E, 0x00, 0x00, 0x00, 0x1E, 0x00, 0x00, 0x00, 0x1E, 0x00, 0x00, 0x00, 0x1E,
    0x00, 0x00, 0x00, 0x3C, 0x00, 0x10, 0x00, 0x3C, 0x00, 0x18, 0x00, 0x78, 0x00, 0x1F, 0x03, 0xF0,
    0x00, 0x1F, 0xFF, 0xE0, 0x00, 0x0F, 0xFF, 0xC0, 0x00, 0x03, 0xFE, 0x00, 0x00, 0x00, 0x00, 0xF0,
    0x00, 0x00, 0x01, 0xF0, 0x00, 0x00, 0x01, 0xF0, 0x00, 0x00, 0x03, 0xF0, 0x00, 0x00, 0x07, 0xF0,
    0x00, 0x00, 0x07, 0xF0, 0x00, 0x00, 0x0F, 0xF0, 0x00, 0x00, 0x1E, 0xF0, 0x00, 0x00, 0x1C, 0xF0,
    0x00, 0x00, 0x3C, 0xF0, 0x00, 0x00, 0x78, 0xF0, 0x00, 0x00, 0x70, 0xF0, 0x00, 0x00, 0xF0, 0xF0,
    0x00, 0x01, 0xE0, 0xF0, 0x00, 0x03, 0xC0, 0xF0, 0x00, 0x03, 0xC0, 0xF0, 0x00, 0x07, 0x80, 0xF0,
    0x00, 0x0F, 0x00, 0xF0, 0x00, 0x1E, 0x00, 0xF0, 0x00, 0x3E, 0x00, 0xF0, 0x00, 0x3C, 0x00, 0xF0,
    0x00, 0x78, 0x00, 0xF0, 0x00, 0xFF, 0xFF, 0xFF, 0x00, 0xFF, 0xFF, 0xFF, 0x00, 0xFF, 0xFF, 0xFF,
    0x00, 0x00, 0x00, 0xF0, 0x00, 0x00, 0x00, 0xF0, 0x00, 0x00, 0x00, 0xF0, 0x00, 0x00, 0x00, 0xF0,
    0x00, 0x00, 0x00, 0xF0, 0x00, 0x00, 0x00, 0xF0, 0x00, 0x00, 0x00, 0xF0, 0x00, 0x00, 0x00, 0xF0,
    0x00, 0x00, 0x00, 0xF0, 0x00, 0x03, 0xFF, 0xF8, 0x00, 0x03, 0xFF, 0xF8, 0x00, 0x03, 0xFF, 0xF8,
    0x00, 0x03, 0xC0, 0x00, 0x00, 0x03, 0xC0, 0x00, 0x00, 0x03, 0xC0, 0x00, 0x00, 0x03, 0x80, 0x00,
    0x00, 0x03, 0x80, 0x00, 0x00, 0x03, 0x80, 0x00, 0x00, 0x07, 0x80, 0x00, 0x00, 0x07, 0x80, 0x00,
    0x00, 0x07, 0x80, 0x00, 0x00, 0x07, 0x80, 0x00, 0x00, 0x07, 0xFF, 0x00, 0x00, 0x07, 0xFF, 0xC0,
    0x00, 0x07, 0xFF, 0xF0, 0x00, 0x00, 0x03, 0xF8, 0x00, 0x00, 0x00, 0xFC, 0x00, 0x00, 0x00, 0x7C,
    0x00, 0x00, 0x00, 0x3C, 0x00, 0x00, 0x00, 0x1E, 0x00, 0x00, 0x00, 0x1E, 0x00, 0x00, 0x00, 0x1E,
    0x00, 0x00, 0x00, 0x1E, 0x00, 0x00, 0x00, 0x1E, 0x00, 0x00, 0x00, 0x1E, 0x00, 0x00, 0x00, 0x3E,
    0x00, 0x00, 0x00, 0x3C, 0x00, 0x00, 0x00, 0x7C, 0x00, 0x08, 0x00, 0xF8, 0x00, 0x0E, 0x03, 0xF0,
    0x00, 0x0F, 0xFF, 0xE0, 0x00, 0x0F, 0xFF, 0xC0, 0x00, 0x03, 0xFE, 0x00, 0x00, 0x00, 0x07, 0xF8,
    0x00, 0x00, 0x1F, 0xFC, 0x00, 0x00, 0x7F, 0xFC, 0x00, 0x00, 0xFC, 0x0C, 0x00, 0x01, 0xF0, 0x00,
    0x00, 0x03, 0xE0, 0x00, 0x00, 0x03, 0xC0, 0x00, 0x00, 0x07, 0x80, 0x00, 0x00, 0x07, 0x80, 0x00,
    0x00, 0x0F, 0x00, 0x00, 0x00, 0x0F, 0x00, 0x00, 0x00, 0x0F, 0x00, 0x00, 0x00, 0x0E, 0x00, 0x00,
    0x00, 0x1E, 0x1F, 0xC0, 0x00, 0x1E, 0x7F, 0xF0, 0x00, 0x1E, 0xFF, 0xF8, 0x00, 0x1F, 0xE0, 0xFC,
    0x00, 0x1F, 0xC0, 0x3E, 0x00, 0x1F, 0x80, 0x1E, 0x00, 0x1F, 0x00, 0x1F, 0x00, 0x1F, 0x00, 0x0F,
    0x00, 0x1E, 0x00, 0x0F, 0x00, 0x1E, 0x00, 0x0F, 0x00, 0x1E, 0x00, 0x0F, 0x00, 0x0E, 0x00, 0x0F,
    0x00, 0x0F, 0x00, 0x0F, 0x00, 0x0F, 0x00, 0x0F, 0x00, 0x0F, 0x00, 0x1E, 0x00, 0x07, 0x80, 0x1E,
    0x00, 0x07, 0xC0, 0x3C, 0x00, 0x03, 0xE0, 0xF8, 0x00, 0x01, 0xFF, 0xF8, 0x00, 0x00, 0xFF, 0xE0,
    0x00, 0x00, 0x3F, 0x80, 0x00, 0x3F, 0xFF, 0xFF, 0x00, 0x3F, 0xFF, 0xFF, 0x00, 0x3F, 0xFF, 0xFF,
    0x00, 0x00, 0x00, 0x1E, 0x00, 0x00, 0x00, 0x3E, 0x00, 0x00, 0x00, 0x3C, 0x00, 0x00, 0x00, 0x78,
    0x00, 0x00, 0x00, 0x78, 0x00, 0x00, 0x00, 0xF0, 0x00, 0x00, 0x00, 0xF0, 0x00, 0x00, 0x01, 0xE0,
    0x00, 0x00, 0x01, 0xE0, 0x00, 0x00, 0x03, 0xC0, 0x00, 0x00, 0x03, 0xC0, 0x00, 0x00, 0x07, 0x80,
    0x00, 0x00, 0x07, 0x80, 0x00, 0x00, 0x0F, 0x00, 0x00, 0x00, 0x0F, 0x00, 0x00, 0x00, 0x0E, 0x00,
    0x00, 0x00, 0x1E, 0x00, 0x00, 0x00, 0x1E, 0x00, 0x00, 0x00, 0x3C, 0x00, 0x00, 0x00, 0x3C, 0x00,
    0x00, 0x00, 0x3C, 0x00, 0x00, 0x00, 0x78, 0x00, 0x00, 0x00, 0x78, 0x00, 0x00, 0x00, 0x78, 0x00,
    0x00, 0x00, 0xF0, 0x00, 0x00, 0x00, 0xF0, 0x00, 0x00, 0x00, 0xF0, 0x00, 0x00, 0x00, 0xF0, 0x00,
    0x00, 0x01, 0xE0, 0x00, 0x00, 0x01, 0xE0, 0x00, 0x00, 0x01, 0xE0, 0x00, 0x00, 0x00, 0x7F, 0x80,
    0x00, 0x01, 0xFF, 0xE0, 0x00, 0x03, 0xFF, 0xF0, 0x00, 0x07, 0xC1, 0xF8, 0x00, 0x0F, 0x80, 0x7C,
    0x00, 0x0F, 0x00, 0x3C, 0x00, 0x1E, 0x00, 0x1E, 0x00, 0x1E, 0x00, 0x1E, 0x00, 0x1E, 0x00, 0x1E,
    0x00, 0x1E, 0x00, 0x1E, 0x00, 0x1E, 0x00, 0x1E, 0x00, 0x0F, 0x00, 0x3C, 0x00, 0x0F, 0x80, 0x78,
    0x00, 0x07, 0xC1, 0xF8, 0x00, 0x01, 0xFF, 0xE0, 0x00, 0x00, 0xFF, 0xC0, 0x00, 0x03, 0xFF, 0xF0,
    0x00, 0x07, 0xC0, 0xF8, 0x00, 0x0F, 0x00, 0x7C, 0x00, 0x1E, 0x00, 0x3E, 0x00, 0x1E, 0x00, 0x1E,
    0x00, 0x3C, 0x00, 0x0F, 0x00, 0x3C, 0x00, 0x0F, 0x00, 0x3C, 0x00, 0x0F, 0x00, 0x3C, 0x00, 0x0F,
    0x00, 0x3C, 0x00, 0x0F, 0x00, 0x3C, 0x00, 0x0F, 0x00, 0x1E, 0x00, 0x1E, 0x00, 0x1E, 0x00, 0x1E,
    0x00, 0x0F, 0x00, 0x3C, 0x00, 0x0F, 0xC0, 0xFC, 0x00, 0x07, 0xFF, 0xF8, 0x00, 0x01, 0xFF, 0xE0,
    0x00, 0x00, 0x7F, 0x80, 0x00, 0x00, 0x3F, 0x80, 0x00, 0x01, 0xFF, 0xE0, 0x00, 0x03, 0xFF, 0xF0,
    0x00, 0x07, 0xC1, 0xF8, 0x00, 0x0F, 0x80, 0x7C, 0x00, 0x1F, 0x00, 0x3C, 0x00, 0x1E, 0x00, 0x1E,
    0x00, 0x3E, 0x00, 0x1E, 0x00, 0x3C, 0x00, 0x1E, 0x00, 0x3C, 0x00, 0x0E, 0x00, 0x3C, 0x00, 0x0F,
    0x00, 0x3C, 0x00, 0x0F, 0x00, 0x3C, 0x00, 0x0F, 0x00, 0x3C, 0x00, 0x0F, 0x00, 0x1E, 0x00, 0x1F,
    0x00, 0x1E, 0x00, 0x3F, 0x00, 0x0F, 0x00, 0x7F, 0x00, 0x0F, 0xC0, 0xFF, 0x00, 0x07, 0xFF, 0xEF,
    0x00, 0x01, 0xFF, 0xCF, 0x00, 0x00, 0x7F, 0x0F, 0x00, 0x00, 0x00, 0x0E, 0x00, 0x00, 0x00, 0x1E,
    0x00, 0x00, 0x00, 0x1E, 0x00, 0x00, 0x00, 0x1E, 0x00, 0x00, 0x00, 0x3C, 0x00, 0x00, 0x00, 0x3C,
    0x00, 0x00, 0x00, 0x78, 0x00, 0x00, 0x00, 0xF8, 0x00, 0x08, 0x01, 0xF0, 0x00, 0x0E, 0x07, 0xE0,
    0x00, 0x0F, 0xFF, 0xC0, 0x00, 0x0F, 0xFF, 0x00, 0x00, 0x03, 0xFC, 0x00, 0x00, 0x0E, 0x00, 0x1F,
    0x00, 0x1F, 0x00, 0x1F, 0x00, 0x0E, 0x00, 0x00, 0x00, 0x00, 0x00, 0x00, 0x00, 0x00, 0x00, 0x00,
    0x00, 0x00, 0x00, 0x00, 0x00, 0x00, 0x00, 0x00, 0x00, 0x00, 0x00, 0x00, 0x00, 0x00, 0x00, 0x00,
    0x00, 0x00, 0x00, 0x00, 0x00, 0x0E, 0x00, 0x1F, 0x00, 0x1F, 0x00, 0x1F, 0x00, 0x0E, 0x00,
};

/* ---------- 对外句柄 ---------- */
const UiFont ui_font_cjk16 = {22, 17, 199, g_cjk16, b_cjk16};
const UiFont ui_font_cjk20 = {28, 22, 199, g_cjk20, b_cjk20};
const UiFont ui_font_ascii14 = {19, 15, 98, g_ascii14, b_ascii14};
const UiFont ui_font_ascii28 = {38, 30, 98, g_ascii28, b_ascii28};
const UiFont ui_font_ascii10 = {14, 11, 98, g_ascii10, b_ascii10};
const UiFont ui_font_clock48 = {65, 52, 12, g_clock48, b_clock48};
